arm,scope,stage,kernel,calls,milliseconds_per_round
old,drafter,Drafter,Cijk_Alik_Bljk_BBS_BH_Bias_HA_S_SAV_UserArgs_MT16x16x32_MI16x16x1_SN_LDSB1_AFC1_AG0_AGGSUA0_AGNTAB0_AFEM1_AFEM1_ASEM1_CD1_1_CLR0_CLS0_CADS0_DTLA0_DTLB0_DTLM0_DTVA0_DTVB1_DTVMXSA0_DTVMXSB0_DTVSM0_DPLB0_EPS0_ELFLR0_EMLLn1_FDSI0_GRPM1_GRVWA8_GRVWB8_GSUAMB_GLS0_HPLR0_ISA1201_ICIW0_IU1_K1_LDSTI0_LBSPPA128_LBSPPB0_LBSPPMXSA0_LBSPPMXSB0_LBSPPM0_LPA16_LPB0_LPMXSA0_LPMXSB0_LPM0_LRVW8_LWPMn1_MIAV1_MIWT1_1_MXLIBL_MXSFNS_MO40_MGRIPM1_NTn1_NTA0_NTB0_NTC0_NTD0_NTE0_NTMXSA0_NTMXSB0_NTM0_NTWS0_NVn1_NVA0_NVB0_NVC0_NVD0_NVE0_NVMXSA0_NVMXSB0_NVM0_NVWS0_NEPBS0_NLCA1_NLCB2_ONLL1_PAP0_PGL0_PGR1_PLR1_PKA0_SGROB0_SIA3_SS0_SPO0_SRVW0_SSO0_SVW8_SK0_SKFTR0_SKFDPO0_SKXCCM0_SNLL0_SIP1_SGRO0_TDMI0_TDMIM0_TDMS0_TIN0_THn1_THA0_THB0_THC0_THD0_THE0_THMXSA0_THMXSB0_THM0_THWS0_TLDS1_TLDSM1_ULSGRO0_USL1_USLMX0_UIOFGRO0_UPLRP0_USFGROn1_USI0_VSn1_VWA1_VWB1_WSGRA0_WSGRB0_WS32_WG16_2_1.kd,6,0.007179166666666667
fixed,drafter,Drafter,Cijk_Alik_Bljk_BBS_BH_Bias_HA_S_SAV_UserArgs_MT16x16x32_MI16x16x1_SN_LDSB1_AFC1_AG0_AGGSUA0_AGNTAB0_AFEM1_AFEM1_ASEM1_CD1_1_CLR0_CLS0_CADS0_DTLA0_DTLB0_DTLM0_DTVA0_DTVB1_DTVMXSA0_DTVMXSB0_DTVSM0_DPLB0_EPS0_ELFLR0_EMLLn1_FDSI0_GRPM1_GRVWA8_GRVWB8_GSUAMB_GLS0_HPLR0_ISA1201_ICIW0_IU1_K1_LDSTI0_LBSPPA128_LBSPPB0_LBSPPMXSA0_LBSPPMXSB0_LBSPPM0_LPA16_LPB0_LPMXSA0_LPMXSB0_LPM0_LRVW8_LWPMn1_MIAV1_MIWT1_1_MXLIBL_MXSFNS_MO40_MGRIPM1_NTn1_NTA0_NTB0_NTC0_NTD0_NTE0_NTMXSA0_NTMXSB0_NTM0_NTWS0_NVn1_NVA0_NVB0_NVC0_NVD0_NVE0_NVMXSA0_NVMXSB0_NVM0_NVWS0_NEPBS0_NLCA1_NLCB2_ONLL1_PAP0_PGL0_PGR1_PLR1_PKA0_SGROB0_SIA3_SS0_SPO0_SRVW0_SSO0_SVW8_SK0_SKFTR0_SKFDPO0_SKXCCM0_SNLL0_SIP1_SGRO0_TDMI0_TDMIM0_TDMS0_TIN0_THn1_THA0_THB0_THC0_THD0_THE0_THMXSA0_THMXSB0_THM0_THWS0_TLDS1_TLDSM1_ULSGRO0_USL1_USLMX0_UIOFGRO0_UPLRP0_USFGROn1_USI0_VSn1_VWA1_VWB1_WSGRA0_WSGRB0_WS32_WG16_2_1.kd,6,0.007185666666666667
old,drafter,Drafter,Cijk_Alik_Bljk_BBS_BH_Bias_HA_S_SAV_UserArgs_MT16x32x256_MI16x16x1_SN_LDSB0_AFC1_AG0_AGGSUA0_AGNTAB0_AFEM1_AFEM1_ASEM1_CD1_1_CLR1_CLS0_CADS0_DTLA0_DTLB0_DTLM0_DTVA0_DTVB1_DTVMXSA0_DTVMXSB0_DTVSM0_DPLB0_EPS1_ELFLR0_EMLLn1_FDSI0_GRPM1_GRVWA8_GRVWB8_GSUAMB_GLS0_HPLR0_ISA1201_ICIW0_IU1_K1_LDSTI0_LBSPPA512_LBSPPB0_LBSPPMXSA0_LBSPPMXSB0_LBSPPM0_LPA16_LPB0_LPMXSA0_LPMXSB0_LPM0_LRVW8_LWPMn1_MIAV1_MIWT1_1_MXLIBL_MXSFNS_MO40_MGRIPM1_NTn1_NTA0_NTB0_NTC0_NTD0_NTE0_NTMXSA0_NTMXSB0_NTM0_NTWS0_NVn1_NVA0_NVB0_NVC0_NVD0_NVE0_NVMXSA0_NVMXSB0_NVM0_NVWS0_NEPBS0_NLCA1_NLCB16_ONLL0_PAP0_PGL0_PGR1_PLR1_PKA0_SGROB0_SIA3_SS0_SPO0_SRVW0_SSO0_SVW8_SK0_SKFTR0_SKFDPO0_SKXCCM0_SNLL0_SIP1_SGRO0_TDMI0_TDMIM0_TDMS0_TIN0_THn1_THA0_THB0_THC0_THD0_THE0_THMXSA0_THMXSB0_THM0_THWS0_TLDS1_TLDSM1_ULSGRO0_USL1_USLMX0_UIOFGRO0_UPLRP0_USFGROn1_USI0_VSn1_VWA1_VWB1_WSGRA0_WSGRB0_WS32_WG16_4_1.kd,6,0.17734666666666668
fixed,drafter,Drafter,Cijk_Alik_Bljk_BBS_BH_Bias_HA_S_SAV_UserArgs_MT16x32x256_MI16x16x1_SN_LDSB0_AFC1_AG0_AGGSUA0_AGNTAB0_AFEM1_AFEM1_ASEM1_CD1_1_CLR1_CLS0_CADS0_DTLA0_DTLB0_DTLM0_DTVA0_DTVB1_DTVMXSA0_DTVMXSB0_DTVSM0_DPLB0_EPS1_ELFLR0_EMLLn1_FDSI0_GRPM1_GRVWA8_GRVWB8_GSUAMB_GLS0_HPLR0_ISA1201_ICIW0_IU1_K1_LDSTI0_LBSPPA512_LBSPPB0_LBSPPMXSA0_LBSPPMXSB0_LBSPPM0_LPA16_LPB0_LPMXSA0_LPMXSB0_LPM0_LRVW8_LWPMn1_MIAV1_MIWT1_1_MXLIBL_MXSFNS_MO40_MGRIPM1_NTn1_NTA0_NTB0_NTC0_NTD0_NTE0_NTMXSA0_NTMXSB0_NTM0_NTWS0_NVn1_NVA0_NVB0_NVC0_NVD0_NVE0_NVMXSA0_NVMXSB0_NVM0_NVWS0_NEPBS0_NLCA1_NLCB16_ONLL0_PAP0_PGL0_PGR1_PLR1_PKA0_SGROB0_SIA3_SS0_SPO0_SRVW0_SSO0_SVW8_SK0_SKFTR0_SKFDPO0_SKXCCM0_SNLL0_SIP1_SGRO0_TDMI0_TDMIM0_TDMS0_TIN0_THn1_THA0_THB0_THC0_THD0_THE0_THMXSA0_THMXSB0_THM0_THWS0_TLDS1_TLDSM1_ULSGRO0_USL1_USLMX0_UIOFGRO0_UPLRP0_USFGROn1_USI0_VSn1_VWA1_VWB1_WSGRA0_WSGRB0_WS32_WG16_4_1.kd,6,0.1771665
old,drafter,Drafter,__amd_rocclr_copyBuffer.kd,6,0.001919
fixed,drafter,Drafter,__amd_rocclr_copyBuffer.kd,6,0.0020123333333333334
old,drafter,Drafter,__amd_rocclr_fillBufferAligned.kd,18,0.007076999999999999
fixed,drafter,Drafter,__amd_rocclr_fillBufferAligned.kd,18,0.006977
old,drafter,Drafter,_cache_draft_logits_kernel.kd,6,0.002359
fixed,drafter,Drafter,_cache_draft_logits_kernel.kd,6,0.0022923333333333333
old,drafter,Drafter,_draft_head_int2.kd,6,0.824683
fixed,drafter,Drafter,_draft_head_int2.kd,6,0.840683
old,drafter,Drafter,_gemm_a8w8_blockscale_preshuffle_kernel_GROUP_K_128_GROUP_N_128_BLOCK_SIZE_M_16_BLOCK_SIZE_N_128_BLOCK_SIZE_K_128_GROUP_SIZE_M_8_NUM_KSPLIT_1_SPLITK_BLOCK_SIZE_17408_EVEN_K_1_GRID_MN_40_cache_modifier_NONE.kd,30,0.7307
fixed,drafter,Drafter,_gemm_a8w8_blockscale_preshuffle_kernel_GROUP_K_128_GROUP_N_128_BLOCK_SIZE_M_16_BLOCK_SIZE_N_128_BLOCK_SIZE_K_128_GROUP_SIZE_M_8_NUM_KSPLIT_1_SPLITK_BLOCK_SIZE_17408_EVEN_K_1_GRID_MN_40_cache_modifier_NONE.kd,30,0.7398054999999999
old,drafter,Drafter,_gemm_a8w8_blockscale_preshuffle_kernel_GROUP_K_128_GROUP_N_128_BLOCK_SIZE_M_16_BLOCK_SIZE_N_128_BLOCK_SIZE_K_128_GROUP_SIZE_M_8_NUM_KSPLIT_1_SPLITK_BLOCK_SIZE_25600_EVEN_K_1_GRID_MN_40_cache_modifier_NONE.kd,6,0.21808033333333332
fixed,drafter,Drafter,_gemm_a8w8_blockscale_preshuffle_kernel_GROUP_K_128_GROUP_N_128_BLOCK_SIZE_M_16_BLOCK_SIZE_N_128_BLOCK_SIZE_K_128_GROUP_SIZE_M_8_NUM_KSPLIT_1_SPLITK_BLOCK_SIZE_25600_EVEN_K_1_GRID_MN_40_cache_modifier_NONE.kd,6,0.22856666666666667
old,drafter,Drafter,_gemm_a8w8_blockscale_preshuffle_kernel_GROUP_K_128_GROUP_N_128_BLOCK_SIZE_M_16_BLOCK_SIZE_N_128_BLOCK_SIZE_K_128_GROUP_SIZE_M_8_NUM_KSPLIT_1_SPLITK_BLOCK_SIZE_4096_EVEN_K_1_GRID_MN_40_cache_modifier_NONE.kd,30,0.2028435
fixed,drafter,Drafter,_gemm_a8w8_blockscale_preshuffle_kernel_GROUP_K_128_GROUP_N_128_BLOCK_SIZE_M_16_BLOCK_SIZE_N_128_BLOCK_SIZE_K_128_GROUP_SIZE_M_8_NUM_KSPLIT_1_SPLITK_BLOCK_SIZE_4096_EVEN_K_1_GRID_MN_40_cache_modifier_NONE.kd,30,0.2037885
old,drafter,Drafter,_gemm_a8w8_blockscale_preshuffle_kernel_GROUP_K_128_GROUP_N_128_BLOCK_SIZE_M_16_BLOCK_SIZE_N_128_BLOCK_SIZE_K_128_GROUP_SIZE_M_8_NUM_KSPLIT_1_SPLITK_BLOCK_SIZE_5120_EVEN_K_1_GRID_MN_272_cache_modifier_NONE.kd,30,1.446181
fixed,drafter,Drafter,_gemm_a8w8_blockscale_preshuffle_kernel_GROUP_K_128_GROUP_N_128_BLOCK_SIZE_M_16_BLOCK_SIZE_N_128_BLOCK_SIZE_K_128_GROUP_SIZE_M_8_NUM_KSPLIT_1_SPLITK_BLOCK_SIZE_5120_EVEN_K_1_GRID_MN_272_cache_modifier_NONE.kd,30,1.4479359999999997
old,drafter,Drafter,_gemm_a8w8_blockscale_preshuffle_kernel_GROUP_K_128_GROUP_N_128_BLOCK_SIZE_M_16_BLOCK_SIZE_N_128_BLOCK_SIZE_K_128_GROUP_SIZE_M_8_NUM_KSPLIT_1_SPLITK_BLOCK_SIZE_5120_EVEN_K_1_GRID_MN_48_cache_modifier_NONE.kd,30,0.2732218333333334
fixed,drafter,Drafter,_gemm_a8w8_blockscale_preshuffle_kernel_GROUP_K_128_GROUP_N_128_BLOCK_SIZE_M_16_BLOCK_SIZE_N_128_BLOCK_SIZE_K_128_GROUP_SIZE_M_8_NUM_KSPLIT_1_SPLITK_BLOCK_SIZE_5120_EVEN_K_1_GRID_MN_48_cache_modifier_NONE.kd,30,0.27456933333333333
old,drafter,Drafter,_prepare_dflash_inputs_kernel.kd,6,0.007819
fixed,drafter,Drafter,_prepare_dflash_inputs_kernel.kd,6,0.008032333333333334
old,drafter,Drafter,_rerank_exact.kd,6,0.008605833333333333
fixed,drafter,Drafter,_rerank_exact.kd,6,0.008919
old,drafter,Drafter,_selector_walk_kernel.kd,6,0.007865833333333332
fixed,drafter,Drafter,_selector_walk_kernel.kd,6,0.008092333333333333
old,drafter,Drafter,kernel_unified_attention.kd,30,1.8529236666666669
fixed,drafter,Drafter,kernel_unified_attention.kd,30,1.9577850000000008
old,drafter,Drafter,reshape_and_cache_kernel_flash.kd,60,0.02698383333333333
fixed,drafter,Drafter,reshape_and_cache_kernel_flash.kd,60,0.027483333333333332
old,drafter,Drafter,triton_per_fused_4.kd,6,0.0019256666666666667
fixed,drafter,Drafter,triton_per_fused_4.kd,6,0.001985666666666667
fixed,drafter,Drafter,triton_per_fused_8.kd,24,0.007602666666666668
old,drafter,Drafter,triton_per_fused_9.kd,24,0.007489833333333332
old,drafter,Drafter,triton_per_fused__to_copy_abs_clamp_div_max_preshuffle_gemm_squeeze_view_0.kd,30,0.009581666666666667
fixed,drafter,Drafter,triton_per_fused__to_copy_abs_clamp_div_max_preshuffle_gemm_squeeze_view_0.kd,30,0.010141666666666665
old,drafter,Drafter,triton_per_fused__to_copy_abs_clamp_div_max_preshuffle_gemm_squeeze_view_2.kd,6,0.0022723333333333337
fixed,drafter,Drafter,triton_per_fused__to_copy_abs_clamp_div_max_preshuffle_gemm_squeeze_view_2.kd,6,0.002085666666666667
old,drafter,Drafter,triton_per_fused__to_copy_abs_clamp_div_max_preshuffle_gemm_squeeze_view_4.kd,54,0.014477833333333339
fixed,drafter,Drafter,triton_per_fused__to_copy_abs_clamp_div_max_preshuffle_gemm_squeeze_view_4.kd,54,0.0162245
old,drafter,Drafter,triton_per_fused__to_copy_abs_clamp_div_max_view_0.kd,6,0.004099
fixed,drafter,Drafter,triton_per_fused__to_copy_abs_clamp_div_max_view_0.kd,6,0.005499
old,drafter,Drafter,triton_poi_fused_0.kd,6,0.002685666666666667
fixed,drafter,Drafter,triton_poi_fused_0.kd,6,0.0026056666666666667
old,drafter,Drafter,triton_poi_fused_10.kd,24,0.007502666666666667
old,drafter,Drafter,triton_poi_fused_5.kd,6,0.0022323333333333336
fixed,drafter,Drafter,triton_poi_fused_5.kd,6,0.0023190000000000003
fixed,drafter,Drafter,triton_poi_fused_9.kd,24,0.009156
old,drafter,Drafter,triton_poi_fused__to_copy_clamp_div_mul_preshuffle_gemm_silu_slice_squeeze_view_7.kd,30,0.015428333333333337
old,drafter,Drafter,triton_poi_fused__to_copy_clamp_div_preshuffle_gemm_squeeze_view_1.kd,30,0.011794999999999996
fixed,drafter,Drafter,triton_poi_fused__to_copy_clamp_div_preshuffle_gemm_squeeze_view_1.kd,30,0.011861833333333335
old,drafter,Drafter,triton_poi_fused__to_copy_clamp_div_preshuffle_gemm_squeeze_view_3.kd,6,0.0020590000000000005
fixed,drafter,Drafter,triton_poi_fused__to_copy_clamp_div_preshuffle_gemm_squeeze_view_3.kd,6,0.002145666666666667
old,drafter,Drafter,triton_poi_fused__to_copy_clamp_div_preshuffle_gemm_squeeze_view_5.kd,54,0.016370999999999997
fixed,drafter,Drafter,triton_poi_fused__to_copy_clamp_div_preshuffle_gemm_squeeze_view_5.kd,54,0.01621133333333333
old,drafter,Drafter,triton_poi_fused_add_arange_bitwise_and_constant_pad_nd_fused_add_rms_norm_ge_mul_select_slice_unsqueeze_view_3.kd,54,0.019357833333333335
fixed,drafter,Drafter,triton_poi_fused_add_arange_bitwise_and_constant_pad_nd_fused_add_rms_norm_ge_mul_select_slice_unsqueeze_view_3.kd,54,0.031304500000000006
old,drafter,Drafter,triton_poi_fused_add_arange_bitwise_and_constant_pad_nd_ge_mul_rms_norm_select_slice_unsqueeze_view_1.kd,6,0.002305666666666667
fixed,drafter,Drafter,triton_poi_fused_add_arange_bitwise_and_constant_pad_nd_ge_mul_rms_norm_select_slice_unsqueeze_view_1.kd,6,0.023692666666666667
old,drafter,Drafter,triton_poi_fused_add_permute_unsqueeze_view_2.kd,6,0.0018456666666666667
fixed,drafter,Drafter,triton_poi_fused_add_permute_unsqueeze_view_2.kd,6,0.0018456666666666665
old,drafter,Drafter,triton_poi_fused_cat_expand_index_mul_slice_unsqueeze_view_1.kd,6,0.0025456666666666666
fixed,drafter,Drafter,triton_poi_fused_cat_expand_index_mul_slice_unsqueeze_view_1.kd,6,0.002539
old,drafter,Drafter,triton_red_fused__to_copy_abs_clamp_div_max_mul_preshuffle_gemm_silu_slice_squeeze_view_6.kd,30,0.013421666666666669
fixed,drafter,Drafter,triton_red_fused__to_copy_abs_clamp_div_max_mul_preshuffle_gemm_silu_slice_squeeze_view_6.kd,30,0.018855166666666666
old,drafter,Drafter,triton_red_fused__to_copy_add_arange_bitwise_and_constant_pad_nd_fused_add_rms_norm_ge_mul_select_slice_unsqueeze_view_w4_gemm_2.kd,30,0.03087566666666667
fixed,drafter,Drafter,triton_red_fused__to_copy_add_arange_bitwise_and_constant_pad_nd_fused_add_rms_norm_ge_mul_select_slice_unsqueeze_view_w4_gemm_2.kd,30,0.03254866666666667
fixed,drafter,Drafter,triton_red_fused__to_copy_add_arange_bitwise_and_constant_pad_nd_fused_add_rms_norm_ge_mul_select_slice_unsqueeze_view_w4_gemm_7.kd,24,0.027043000000000005
old,drafter,Drafter,triton_red_fused__to_copy_add_arange_bitwise_and_constant_pad_nd_fused_add_rms_norm_ge_mul_select_slice_unsqueeze_view_w4_gemm_8.kd,24,0.025756000000000008
old,drafter,Drafter,triton_red_fused__to_copy_embedding_mul_rms_norm_w4_gemm_0.kd,6,0.0038456666666666665
fixed,drafter,Drafter,triton_red_fused__to_copy_embedding_mul_rms_norm_w4_gemm_0.kd,6,0.0045190000000000004
fixed,drafter,Drafter,triton_red_fused_add_arange_bitwise_and_constant_pad_nd_fused_add_rms_norm_ge_mul_select_slice_unsqueeze_view_7.kd,6,0.006599
old,drafter,Drafter,triton_red_fused_add_arange_bitwise_and_constant_pad_nd_fused_add_rms_norm_ge_mul_select_slice_unsqueeze_view_8.kd,6,0.006719000000000001
old,drafter,Drafter,"void at::native::(anonymous namespace)::CatArrayBatchedCopy_contig<at::native::(anonymous namespace)::OpaqueType<2u>, unsigned int, 2, 128, 1>(at::native::(anonymous namespace)::OpaqueType<2u>*, at::native::(anonymous namespace)::CatArrInputTensorMetadata<at::native::(anonymous namespace)::OpaqueType<2u>, unsigned int, 128, 1>, at::native::(anonymous namespace)::TensorSizeStride<unsigned int, 4u>, int, unsigned int) [clone .kd]",12,0.009284666666666667
fixed,drafter,Drafter,"void at::native::(anonymous namespace)::CatArrayBatchedCopy_contig<at::native::(anonymous namespace)::OpaqueType<2u>, unsigned int, 2, 128, 1>(at::native::(anonymous namespace)::OpaqueType<2u>*, at::native::(anonymous namespace)::CatArrInputTensorMetadata<at::native::(anonymous namespace)::OpaqueType<2u>, unsigned int, 128, 1>, at::native::(anonymous namespace)::TensorSizeStride<unsigned int, 4u>, int, unsigned int) [clone .kd]",12,0.009498000000000001
old,drafter,Drafter,"void at::native::_scatter_gather_elementwise_kernel<256, 4, at::native::_cuda_scatter_gather_internal_kernel<false, at::native::OpaqueType<4>, long>::operator()<at::native::TensorAssign>(at::TensorIterator&, long, long, long, at::native::TensorAssign const&)::{lambda(int)#1}>(int, at::native::_cuda_scatter_gather_internal_kernel<false, at::native::OpaqueType<4>, long>::operator()<at::native::TensorAssign>(at::TensorIterator&, long, long, long, at::native::TensorAssign const&)::{lambda(int)#1}) [clone .kd]",6,0.0035256666666666665
fixed,drafter,Drafter,"void at::native::_scatter_gather_elementwise_kernel<256, 4, at::native::_cuda_scatter_gather_internal_kernel<false, at::native::OpaqueType<4>, long>::operator()<at::native::TensorAssign>(at::TensorIterator&, long, long, long, at::native::TensorAssign const&)::{lambda(int)#1}>(int, at::native::_cuda_scatter_gather_internal_kernel<false, at::native::OpaqueType<4>, long>::operator()<at::native::TensorAssign>(at::TensorIterator&, long, long, long, at::native::TensorAssign const&)::{lambda(int)#1}) [clone .kd]",6,0.0035323333333333335
old,drafter,Drafter,"void at::native::_scatter_gather_elementwise_kernel<256, 4, at::native::_cuda_scatter_gather_internal_kernel<true, at::native::OpaqueType<2>, long>::operator()<at::native::TensorAssign>(at::TensorIterator&, long, long, long, at::native::TensorAssign const&)::{lambda(int)#1}>(int, at::native::_cuda_scatter_gather_internal_kernel<true, at::native::OpaqueType<2>, long>::operator()<at::native::TensorAssign>(at::TensorIterator&, long, long, long, at::native::TensorAssign const&)::{lambda(int)#1}) [clone .kd]",6,0.002879
fixed,drafter,Drafter,"void at::native::_scatter_gather_elementwise_kernel<256, 4, at::native::_cuda_scatter_gather_internal_kernel<true, at::native::OpaqueType<2>, long>::operator()<at::native::TensorAssign>(at::TensorIterator&, long, long, long, at::native::TensorAssign const&)::{lambda(int)#1}>(int, at::native::_cuda_scatter_gather_internal_kernel<true, at::native::OpaqueType<2>, long>::operator()<at::native::TensorAssign>(at::TensorIterator&, long, long, long, at::native::TensorAssign const&)::{lambda(int)#1}) [clone .kd]",6,0.0030656666666666666
old,drafter,Drafter,"void at::native::bitonicSortKVInPlace<2, -1, 16, 16, c10::BFloat16, long, at::native::GTOp<c10::BFloat16, true>, unsigned int>(at::cuda::detail::TensorInfo<c10::BFloat16, unsigned int>, unsigned int, unsigned int, unsigned int, at::cuda::detail::TensorInfo<long, unsigned int>, unsigned int, at::native::GTOp<c10::BFloat16, true>) [clone .kd]",6,0.0032323333333333336
fixed,drafter,Drafter,"void at::native::bitonicSortKVInPlace<2, -1, 16, 16, c10::BFloat16, long, at::native::GTOp<c10::BFloat16, true>, unsigned int>(at::cuda::detail::TensorInfo<c10::BFloat16, unsigned int>, unsigned int, unsigned int, unsigned int, at::cuda::detail::TensorInfo<long, unsigned int>, unsigned int, at::native::GTOp<c10::BFloat16, true>) [clone .kd]",6,0.003305666666666666
old,drafter,Drafter,"void at::native::elementwise_kernel_manual_unroll<128, 4, at::native::gpu_kernel_impl<at::native::direct_copy_kernel_cuda(at::TensorIteratorBase&)::{lambda()#3}::operator()() const::{lambda()#4}::operator()() const::{lambda(long)#1}>(at::TensorIteratorBase&, at::native::direct_copy_kernel_cuda(at::TensorIteratorBase&)::{lambda()#3}::operator()() const::{lambda()#4}::operator()() const::{lambda(long)#1} const&)::{lambda(int, bool)#1}>(int, at::native::gpu_kernel_impl<at::native::direct_copy_kernel_cuda(at::TensorIteratorBase&)::{lambda()#3}::operator()() const::{lambda()#4}::operator()() const::{lambda(long)#1}>(at::TensorIteratorBase&, at::native::direct_copy_kernel_cuda(at::TensorIteratorBase&)::{lambda()#3}::operator()() const::{lambda()#4}::operator()() const::{lambda(long)#1} const&)::{lambda(int, bool)#1}) [clone .kd]",6,0.005012333333333333
fixed,drafter,Drafter,"void at::native::elementwise_kernel_manual_unroll<128, 4, at::native::gpu_kernel_impl<at::native::direct_copy_kernel_cuda(at::TensorIteratorBase&)::{lambda()#3}::operator()() const::{lambda()#4}::operator()() const::{lambda(long)#1}>(at::TensorIteratorBase&, at::native::direct_copy_kernel_cuda(at::TensorIteratorBase&)::{lambda()#3}::operator()() const::{lambda()#4}::operator()() const::{lambda(long)#1} const&)::{lambda(int, bool)#1}>(int, at::native::gpu_kernel_impl<at::native::direct_copy_kernel_cuda(at::TensorIteratorBase&)::{lambda()#3}::operator()() const::{lambda()#4}::operator()() const::{lambda(long)#1}>(at::TensorIteratorBase&, at::native::direct_copy_kernel_cuda(at::TensorIteratorBase&)::{lambda()#3}::operator()() const::{lambda()#4}::operator()() const::{lambda(long)#1} const&)::{lambda(int, bool)#1}) [clone .kd]",6,0.005038999999999999
old,drafter,Drafter,"void at::native::elementwise_kernel_manual_unroll<128, 4, at::native::gpu_kernel_impl_nocast<at::native::direct_copy_kernel_cuda(at::TensorIteratorBase&)::{lambda()#3}::operator()() const::{lambda()#4}::operator()() const::{lambda(long)#1}>(at::TensorIteratorBase&, at::native::direct_copy_kernel_cuda(at::TensorIteratorBase&)::{lambda()#3}::operator()() const::{lambda()#4}::operator()() const::{lambda(long)#1} const&)::{lambda(int, bool)#1}>(int, at::native::gpu_kernel_impl_nocast<at::native::direct_copy_kernel_cuda(at::TensorIteratorBase&)::{lambda()#3}::operator()() const::{lambda()#4}::operator()() const::{lambda(long)#1}>(at::TensorIteratorBase&, at::native::direct_copy_kernel_cuda(at::TensorIteratorBase&)::{lambda()#3}::operator()() const::{lambda()#4}::operator()() const::{lambda(long)#1} const&)::{lambda(int, bool)#1}) [clone .kd]",6,0.0025856666666666667
fixed,drafter,Drafter,"void at::native::elementwise_kernel_manual_unroll<128, 4, at::native::gpu_kernel_impl_nocast<at::native::direct_copy_kernel_cuda(at::TensorIteratorBase&)::{lambda()#3}::operator()() const::{lambda()#4}::operator()() const::{lambda(long)#1}>(at::TensorIteratorBase&, at::native::direct_copy_kernel_cuda(at::TensorIteratorBase&)::{lambda()#3}::operator()() const::{lambda()#4}::operator()() const::{lambda(long)#1} const&)::{lambda(int, bool)#1}>(int, at::native::gpu_kernel_impl_nocast<at::native::direct_copy_kernel_cuda(at::TensorIteratorBase&)::{lambda()#3}::operator()() const::{lambda()#4}::operator()() const::{lambda(long)#1}>(at::TensorIteratorBase&, at::native::direct_copy_kernel_cuda(at::TensorIteratorBase&)::{lambda()#3}::operator()() const::{lambda()#4}::operator()() const::{lambda(long)#1} const&)::{lambda(int, bool)#1}) [clone .kd]",6,0.002545833333333333
old,drafter,Drafter,"void at::native::elementwise_kernel_manual_unroll<128, 8, at::native::gpu_kernel_impl_nocast<at::native::direct_copy_kernel_cuda(at::TensorIteratorBase&)::{lambda()#3}::operator()() const::{lambda()#12}::operator()() const::{lambda(c10::BFloat16)#1}>(at::TensorIteratorBase&, at::native::direct_copy_kernel_cuda(at::TensorIteratorBase&)::{lambda()#3}::operator()() const::{lambda()#12}::operator()() const::{lambda(c10::BFloat16)#1} const&)::{lambda(int, bool)#1}>(int, at::native::gpu_kernel_impl_nocast<at::native::direct_copy_kernel_cuda(at::TensorIteratorBase&)::{lambda()#3}::operator()() const::{lambda()#12}::operator()() const::{lambda(c10::BFloat16)#1}>(at::TensorIteratorBase&, at::native::direct_copy_kernel_cuda(at::TensorIteratorBase&)::{lambda()#3}::operator()() const::{lambda()#12}::operator()() const::{lambda(c10::BFloat16)#1} const&)::{lambda(int, bool)#1}) [clone .kd]",6,0.003505666666666667
fixed,drafter,Drafter,"void at::native::elementwise_kernel_manual_unroll<128, 8, at::native::gpu_kernel_impl_nocast<at::native::direct_copy_kernel_cuda(at::TensorIteratorBase&)::{lambda()#3}::operator()() const::{lambda()#12}::operator()() const::{lambda(c10::BFloat16)#1}>(at::TensorIteratorBase&, at::native::direct_copy_kernel_cuda(at::TensorIteratorBase&)::{lambda()#3}::operator()() const::{lambda()#12}::operator()() const::{lambda(c10::BFloat16)#1} const&)::{lambda(int, bool)#1}>(int, at::native::gpu_kernel_impl_nocast<at::native::direct_copy_kernel_cuda(at::TensorIteratorBase&)::{lambda()#3}::operator()() const::{lambda()#12}::operator()() const::{lambda(c10::BFloat16)#1}>(at::TensorIteratorBase&, at::native::direct_copy_kernel_cuda(at::TensorIteratorBase&)::{lambda()#3}::operator()() const::{lambda()#12}::operator()() const::{lambda(c10::BFloat16)#1} const&)::{lambda(int, bool)#1}) [clone .kd]",6,0.003692333333333333
old,drafter,Drafter,"void at::native::index_elementwise_kernel<128, 4, at::native::gpu_index_kernel<at::native::index_kernel_impl<at::native::OpaqueType<4> >(at::TensorIteratorBase&, c10::ArrayRef<long>, c10::ArrayRef<long>)::{lambda(char*, char const*, long)#1}>(at::TensorIteratorBase&, c10::ArrayRef<long>, c10::ArrayRef<long>, at::native::index_kernel_impl<at::native::OpaqueType<4> >(at::TensorIteratorBase&, c10::ArrayRef<long>, c10::ArrayRef<long>)::{lambda(char*, char const*, long)#1} const&, bool)::{lambda(int)#1}>(long, at::native::gpu_index_kernel<at::native::index_kernel_impl<at::native::OpaqueType<4> >(at::TensorIteratorBase&, c10::ArrayRef<long>, c10::ArrayRef<long>)::{lambda(char*, char const*, long)#1}>(at::TensorIteratorBase&, c10::ArrayRef<long>, c10::ArrayRef<long>, at::native::index_kernel_impl<at::native::OpaqueType<4> >(at::TensorIteratorBase&, c10::ArrayRef<long>, c10::ArrayRef<long>)::{lambda(char*, char const*, long)#1} const&, bool)::{lambda(int)#1}) [clone .kd]",6,0.003145666666666667
fixed,drafter,Drafter,"void at::native::index_elementwise_kernel<128, 4, at::native::gpu_index_kernel<at::native::index_kernel_impl<at::native::OpaqueType<4> >(at::TensorIteratorBase&, c10::ArrayRef<long>, c10::ArrayRef<long>)::{lambda(char*, char const*, long)#1}>(at::TensorIteratorBase&, c10::ArrayRef<long>, c10::ArrayRef<long>, at::native::index_kernel_impl<at::native::OpaqueType<4> >(at::TensorIteratorBase&, c10::ArrayRef<long>, c10::ArrayRef<long>)::{lambda(char*, char const*, long)#1} const&, bool)::{lambda(int)#1}>(long, at::native::gpu_index_kernel<at::native::index_kernel_impl<at::native::OpaqueType<4> >(at::TensorIteratorBase&, c10::ArrayRef<long>, c10::ArrayRef<long>)::{lambda(char*, char const*, long)#1}>(at::TensorIteratorBase&, c10::ArrayRef<long>, c10::ArrayRef<long>, at::native::index_kernel_impl<at::native::OpaqueType<4> >(at::TensorIteratorBase&, c10::ArrayRef<long>, c10::ArrayRef<long>)::{lambda(char*, char const*, long)#1} const&, bool)::{lambda(int)#1}) [clone .kd]",6,0.003145833333333333
old,drafter,Drafter,"void at::native::mbtopk::computeBlockDigitCounts<c10::BFloat16, unsigned int, unsigned int, 2>(at::cuda::detail::TensorInfo<c10::BFloat16 const, unsigned int>, unsigned int, unsigned int*, unsigned int, unsigned int, int, int, unsigned int, unsigned int, unsigned int*, short*) [clone .kd]",12,0.03834499999999999
fixed,drafter,Drafter,"void at::native::mbtopk::computeBlockDigitCounts<c10::BFloat16, unsigned int, unsigned int, 2>(at::cuda::detail::TensorInfo<c10::BFloat16 const, unsigned int>, unsigned int, unsigned int*, unsigned int, unsigned int, int, int, unsigned int, unsigned int, unsigned int*, short*) [clone .kd]",12,0.041231500000000004
old,drafter,Drafter,"void at::native::mbtopk::computeBlockDigitCounts<float, unsigned int, unsigned int, 2>(at::cuda::detail::TensorInfo<float const, unsigned int>, unsigned int, unsigned int*, unsigned int, unsigned int, int, int, unsigned int, unsigned int, unsigned int*, short*) [clone .kd]",24,0.055463000000000005
fixed,drafter,Drafter,"void at::native::mbtopk::computeBlockDigitCounts<float, unsigned int, unsigned int, 2>(at::cuda::detail::TensorInfo<float const, unsigned int>, unsigned int, unsigned int*, unsigned int, unsigned int, int, int, unsigned int, unsigned int, unsigned int*, short*) [clone .kd]",24,0.05746983333333332
old,drafter,Drafter,"void at::native::mbtopk::computeBlockwiseWithinKCounts<unsigned int, c10::BFloat16>(unsigned int*, short*, unsigned int*, unsigned int, int, bool, unsigned int*, c10::BFloat16*, unsigned int*, unsigned int*, unsigned int*, unsigned int) [clone .kd]",12,0.02235133333333333
fixed,drafter,Drafter,"void at::native::mbtopk::computeBlockwiseWithinKCounts<unsigned int, c10::BFloat16>(unsigned int*, short*, unsigned int*, unsigned int, int, bool, unsigned int*, c10::BFloat16*, unsigned int*, unsigned int*, unsigned int*, unsigned int) [clone .kd]",12,0.022578
old,drafter,Drafter,"void at::native::mbtopk::computeBlockwiseWithinKCounts<unsigned int, float>(unsigned int*, short*, unsigned int*, unsigned int, int, bool, unsigned int*, float*, unsigned int*, unsigned int*, unsigned int*, unsigned int) [clone .kd]",24,0.02873633333333333
fixed,drafter,Drafter,"void at::native::mbtopk::computeBlockwiseWithinKCounts<unsigned int, float>(unsigned int*, short*, unsigned int*, unsigned int, int, bool, unsigned int*, float*, unsigned int*, unsigned int*, unsigned int*, unsigned int) [clone .kd]",24,0.029062666666666664
old,drafter,Drafter,"void at::native::mbtopk::fill<unsigned int, unsigned int>(unsigned int*, unsigned int, unsigned int) [clone .kd]",12,0.003018
fixed,drafter,Drafter,"void at::native::mbtopk::fill<unsigned int, unsigned int>(unsigned int*, unsigned int, unsigned int) [clone .kd]",12,0.003004666666666666
old,drafter,Drafter,"void at::native::mbtopk::gatherTopK<c10::BFloat16, unsigned int, 2>(at::cuda::detail::TensorInfo<c10::BFloat16 const, unsigned int>, unsigned int, unsigned int, bool, unsigned int, unsigned int, at::cuda::detail::TensorInfo<c10::BFloat16, unsigned int>, unsigned int, at::cuda::detail::TensorInfo<long, unsigned int>, unsigned int, unsigned int, unsigned int, c10::BFloat16*, unsigned int*, unsigned int*, unsigned int) [clone .kd]",6,0.021039166666666668
fixed,drafter,Drafter,"void at::native::mbtopk::gatherTopK<c10::BFloat16, unsigned int, 2>(at::cuda::detail::TensorInfo<c10::BFloat16 const, unsigned int>, unsigned int, unsigned int, bool, unsigned int, unsigned int, at::cuda::detail::TensorInfo<c10::BFloat16, unsigned int>, unsigned int, at::cuda::detail::TensorInfo<long, unsigned int>, unsigned int, unsigned int, unsigned int, c10::BFloat16*, unsigned int*, unsigned int*, unsigned int) [clone .kd]",6,0.021259
old,drafter,Drafter,"void at::native::mbtopk::gatherTopK<float, unsigned int, 2>(at::cuda::detail::TensorInfo<float const, unsigned int>, unsigned int, unsigned int, bool, unsigned int, unsigned int, at::cuda::detail::TensorInfo<float, unsigned int>, unsigned int, at::cuda::detail::TensorInfo<long, unsigned int>, unsigned int, unsigned int, unsigned int, float*, unsigned int*, unsigned int*, unsigned int) [clone .kd]",6,0.008879
fixed,drafter,Drafter,"void at::native::mbtopk::gatherTopK<float, unsigned int, 2>(at::cuda::detail::TensorInfo<float const, unsigned int>, unsigned int, unsigned int, bool, unsigned int, unsigned int, at::cuda::detail::TensorInfo<float, unsigned int>, unsigned int, at::cuda::detail::TensorInfo<long, unsigned int>, unsigned int, unsigned int, unsigned int, float*, unsigned int*, unsigned int*, unsigned int) [clone .kd]",6,0.013025666666666666
old,drafter,Drafter,"void at::native::reduce_kernel<512, 1, at::native::ReduceOp<float, at::native::func_wrapper_t<float, at::native::sum_functor<float, float, float>::operator()(at::TensorIterator&)::{lambda(float, float)#1}>, unsigned int, float, 4, 4> >(at::native::ReduceOp<float, at::native::func_wrapper_t<float, at::native::sum_functor<float, float, float>::operator()(at::TensorIterator&)::{lambda(float, float)#1}>, unsigned int, float, 4, 4>) [clone .kd]",6,0.003759
fixed,drafter,Drafter,"void at::native::reduce_kernel<512, 1, at::native::ReduceOp<float, at::native::func_wrapper_t<float, at::native::sum_functor<float, float, float>::operator()(at::TensorIterator&)::{lambda(float, float)#1}>, unsigned int, float, 4, 4> >(at::native::ReduceOp<float, at::native::func_wrapper_t<float, at::native::sum_functor<float, float, float>::operator()(at::TensorIterator&)::{lambda(float, float)#1}>, unsigned int, float, 4, 4>) [clone .kd]",6,0.0037990000000000003
old,drafter,Drafter,"void at::native::vectorized_elementwise_kernel<4, at::native::CUDAFunctorOnSelf_add<long>, std::array<char*, 2ul> >(int, at::native::CUDAFunctorOnSelf_add<long>, std::array<char*, 2ul>) [clone .kd]",6,0.0017323333333333333
fixed,drafter,Drafter,"void at::native::vectorized_elementwise_kernel<4, at::native::CUDAFunctorOnSelf_add<long>, std::array<char*, 2ul> >(int, at::native::CUDAFunctorOnSelf_add<long>, std::array<char*, 2ul>) [clone .kd]",6,0.0018656666666666665
old,drafter,Drafter,"void at::native::vectorized_elementwise_kernel<4, at::native::bfloat16_copy_kernel_cuda(at::TensorIteratorBase&)::{lambda(float)#1}, std::array<char*, 2ul> >(int, at::native::bfloat16_copy_kernel_cuda(at::TensorIteratorBase&)::{lambda(float)#1}, std::array<char*, 2ul>) [clone .kd]",6,0.002479
fixed,drafter,Drafter,"void at::native::vectorized_elementwise_kernel<4, at::native::bfloat16_copy_kernel_cuda(at::TensorIteratorBase&)::{lambda(float)#1}, std::array<char*, 2ul> >(int, at::native::bfloat16_copy_kernel_cuda(at::TensorIteratorBase&)::{lambda(float)#1}, std::array<char*, 2ul>) [clone .kd]",6,0.0024856666666666664
old,drafter,Drafter,"void at::native::vectorized_elementwise_kernel<4, at::native::bfloat16tofloat32_copy_kernel_cuda(at::TensorIteratorBase&)::{lambda(c10::BFloat16)#1}, std::array<char*, 2ul> >(int, at::native::bfloat16tofloat32_copy_kernel_cuda(at::TensorIteratorBase&)::{lambda(c10::BFloat16)#1}, std::array<char*, 2ul>) [clone .kd]",12,0.0037846666666666666
fixed,drafter,Drafter,"void at::native::vectorized_elementwise_kernel<4, at::native::bfloat16tofloat32_copy_kernel_cuda(at::TensorIteratorBase&)::{lambda(c10::BFloat16)#1}, std::array<char*, 2ul> >(int, at::native::bfloat16tofloat32_copy_kernel_cuda(at::TensorIteratorBase&)::{lambda(c10::BFloat16)#1}, std::array<char*, 2ul>) [clone .kd]",12,0.0038579999999999995
old,drafter,Drafter,"void at::native::vectorized_elementwise_kernel<8, at::native::FillFunctor<c10::BFloat16>, std::array<char*, 1ul> >(int, at::native::FillFunctor<c10::BFloat16>, std::array<char*, 1ul>) [clone .kd]",12,0.005351333333333333
fixed,drafter,Drafter,"void at::native::vectorized_elementwise_kernel<8, at::native::FillFunctor<c10::BFloat16>, std::array<char*, 1ul> >(int, at::native::FillFunctor<c10::BFloat16>, std::array<char*, 1ul>) [clone .kd]",12,0.005217999999999999
old,drafter,Drafter,"void at::native::vectorized_gather_kernel<16, long>(char*, char*, long*, int, long, long, long, long, bool) [clone .kd]",6,0.002099
fixed,drafter,Drafter,"void at::native::vectorized_gather_kernel<16, long>(char*, char*, long*, int, long, long, long, long, bool) [clone .kd]",6,0.0021390000000000003
old,drafter,Drafter,"void at::native::warpMergeSortKVInPlace<2, -1, 128, 16, float, long, at::native::GTOp<float, true>, unsigned int, 32>(at::cuda::detail::TensorInfo<float, unsigned int>, unsigned int, unsigned int, unsigned int, at::cuda::detail::TensorInfo<long, unsigned int>, unsigned int, at::native::GTOp<float, true>, float) [clone .kd]",6,0.004952333333333333
fixed,drafter,Drafter,"void at::native::warpMergeSortKVInPlace<2, -1, 128, 16, float, long, at::native::GTOp<float, true>, unsigned int, 32>(at::cuda::detail::TensorInfo<float, unsigned int>, unsigned int, unsigned int, unsigned int, at::cuda::detail::TensorInfo<long, unsigned int>, unsigned int, at::native::GTOp<float, true>, float) [clone .kd]",6,0.0050191666666666674
old,drafter,Drafter,"void r4d_gemm_w4a16_nt_m64_kernel<1, 1, false>(unsigned short const*, unsigned int const*, unsigned int const*, __hip_bfloat16*, int, int, int, int, int) [clone .kd]",6,0.0045056666666666665
fixed,drafter,Drafter,"void r4d_gemm_w4a16_nt_m64_kernel<1, 1, false>(unsigned short const*, unsigned int const*, unsigned int const*, __hip_bfloat16*, int, int, int, int, int) [clone .kd]",6,0.004599000000000001
old,drafter,Drafter,"void r4d_gemm_w4a16_nt_m64_kernel<1, 1, true>(unsigned short const*, unsigned int const*, unsigned int const*, __hip_bfloat16*, int, int, int, int, int) [clone .kd]",60,0.08005033333333332
fixed,drafter,Drafter,"void r4d_gemm_w4a16_nt_m64_kernel<1, 1, true>(unsigned short const*, unsigned int const*, unsigned int const*, __hip_bfloat16*, int, int, int, int, int) [clone .kd]",60,0.08141016666666667
old,drafter,Drafter,"void vllm::rms_norm_kernel<c10::BFloat16, 8, 2, true>(c10::BFloat16*, c10::BFloat16 const*, long, long, long, long, long, c10::BFloat16 const*, long, float, int, int) [clone .kd]",6,0.0030590000000000005
fixed,drafter,Drafter,"void vllm::rms_norm_kernel<c10::BFloat16, 8, 2, true>(c10::BFloat16*, c10::BFloat16 const*, long, long, long, long, long, c10::BFloat16 const*, long, float, int, int) [clone .kd]",6,0.003192333333333333
old,drafter,Drafter,"void vllm::rms_norm_kernel<c10::BFloat16, 8, 4, true>(c10::BFloat16*, c10::BFloat16 const*, long, long, long, long, long, c10::BFloat16 const*, long, float, int, int) [clone .kd]",6,0.002752333333333333
fixed,drafter,Drafter,"void vllm::rms_norm_kernel<c10::BFloat16, 8, 4, true>(c10::BFloat16*, c10::BFloat16 const*, long, long, long, long, long, c10::BFloat16 const*, long, float, int, int) [clone .kd]",6,0.0027790000000000002
old,drafter,Drafter,"void vllm::rotary_embedding_kernel<c10::BFloat16, c10::BFloat16, true>(long const*, c10::BFloat16*, c10::BFloat16*, c10::BFloat16 const*, int, long, long, long, int, int, int, long, bool) [clone .kd]",6,0.002499
fixed,drafter,Drafter,"void vllm::rotary_embedding_kernel<c10::BFloat16, c10::BFloat16, true>(long const*, c10::BFloat16*, c10::BFloat16*, c10::BFloat16 const*, int, long, long, long, int, int, int, long, bool) [clone .kd]",6,0.002579
old,target_body,Attention KV write,reshape_and_cache_kernel_flash.kd,96,0.04632433333333336
fixed,target_body,Attention KV write,reshape_and_cache_kernel_flash.kd,96,0.04687750000000003
fixed,target_body,"Attention Q/K normalization, RoPE and layout",triton_poi_fused_1.kd,96,0.024404000000000026
fixed,target_body,"Attention Q/K normalization, RoPE and layout",triton_poi_fused_3.kd,96,0.027983999999999985
fixed,target_body,"Attention Q/K normalization, RoPE and layout",triton_poi_fused_4.kd,96,0.028470833333333327
old,target_body,"Attention Q/K normalization, RoPE and layout",triton_poi_fused_6.kd,96,0.022437333333333333
old,target_body,"Attention Q/K normalization, RoPE and layout",triton_poi_fused_8.kd,96,0.030144166666666646
fixed,target_body,"Attention Q/K normalization, RoPE and layout",triton_poi_fused_arange_bitwise_and_eq_index_lt_remainder_select_split_where_2.kd,96,0.029937500000000002
old,target_body,"Attention Q/K normalization, RoPE and layout",triton_red_fused_7.kd,96,0.02609066666666666
fixed,target_body,"Attention Q/K normalization, RoPE and layout","void at::native::elementwise_kernel_manual_unroll<128, 8, at::native::gpu_kernel_impl_nocast<at::native::direct_copy_kernel_cuda(at::TensorIteratorBase&)::{lambda()#3}::operator()() const::{lambda()#12}::operator()() const::{lambda(c10::BFloat16)#1}>(at::TensorIteratorBase&, at::native::direct_copy_kernel_cuda(at::TensorIteratorBase&)::{lambda()#3}::operator()() const::{lambda()#12}::operator()() const::{lambda(c10::BFloat16)#1} const&)::{lambda(int, bool)#1}>(int, at::native::gpu_kernel_impl_nocast<at::native::direct_copy_kernel_cuda(at::TensorIteratorBase&)::{lambda()#3}::operator()() const::{lambda()#12}::operator()() const::{lambda(c10::BFloat16)#1}>(at::TensorIteratorBase&, at::native::direct_copy_kernel_cuda(at::TensorIteratorBase&)::{lambda()#3}::operator()() const::{lambda()#12}::operator()() const::{lambda(c10::BFloat16)#1} const&)::{lambda(int, bool)#1}) [clone .kd]",96,0.033671000000000006
fixed,target_body,"Attention Q/K normalization, RoPE and layout","void stock_m1_gemma_norm<false, 256, 32>(unsigned short const*, unsigned short const*, unsigned short const*, unsigned short*, unsigned short*, long, long, float, float*) [clone .kd]",96,0.050797333333333354
fixed,target_body,"Attention Q/K normalization, RoPE and layout","void stock_m1_gemma_norm<false, 256, 64>(unsigned short const*, unsigned short const*, unsigned short const*, unsigned short*, unsigned short*, long, long, float, float*) [clone .kd]",96,0.040310833333333324
fixed,target_body,Attention decode,"void qwen_stock_m1_shared_decode<4, 16, 256, 6, 16, 0, 3430971>(R4DArgs, int) [clone .kd]",96,5.285289666666666
old,target_body,Attention decode,"void r4d_attn_decode_kernel<3, 16, 256, 6, 16, 0, 3430971>(R4DArgs, int) [clone .kd]",96,4.224365499999999
old,target_body,Attention input activation FP8 quantization,"void vllm::dynamic_per_token_scaled_fp8_quant_kernel_strided<c10::BFloat16, c10::Float8_e4m3fn>(c10::Float8_e4m3fn*, float*, c10::BFloat16 const*, float const*, int, long, long) [clone .kd]",96,0.04284416666666665
fixed,target_body,Attention input activation FP8 quantization,"void vllm::dynamic_per_token_scaled_fp8_quant_kernel_strided<c10::BFloat16, c10::Float8_e4m3fn>(c10::Float8_e4m3fn*, float*, c10::BFloat16 const*, float const*, int, long, long) [clone .kd]",96,0.042157500000000014
old,target_body,Attention input projection,"void radiance_mxfp4_fp8_gemm_decode<8, 128, 1, 1, true, true, true>(unsigned char const*, unsigned char const*, unsigned char const*, unsigned char const*, float const*, float*, int*, std::bfloat16_t*, int, int, int) [clone .kd]",96,1.0992618333333333
fixed,target_body,Attention input projection,"void radiance_mxfp4_fp8_gemm_decode<8, 128, 1, 1, true, true, true>(unsigned char const*, unsigned char const*, unsigned char const*, unsigned char const*, float const*, float*, int*, std::bfloat16_t*, int, int, int) [clone .kd]",96,1.0989231666666663
old,target_body,Attention output activation FP8 quantization,"void vllm::dynamic_per_token_scaled_fp8_quant_kernel_strided<c10::BFloat16, c10::Float8_e4m3fn>(c10::Float8_e4m3fn*, float*, c10::BFloat16 const*, float const*, int, long, long) [clone .kd]",96,0.045850833333333355
fixed,target_body,Attention output activation FP8 quantization,"void vllm::dynamic_per_token_scaled_fp8_quant_kernel_strided<c10::BFloat16, c10::Float8_e4m3fn>(c10::Float8_e4m3fn*, float*, c10::BFloat16 const*, float const*, int, long, long) [clone .kd]",96,0.045791
old,target_body,Attention output gating,triton_poi_fused_mul_mxfp4_linear_sigmoid_view_0.kd,96,0.028143999999999992
fixed,target_body,Attention output gating,triton_poi_fused_mul_mxfp4_linear_sigmoid_view_0.kd,96,0.032364
old,target_body,Attention output projection,"void radiance_mxfp4_fp8_gemm_decode<8, 128, 4, 1, true, true, true>(unsigned char const*, unsigned char const*, unsigned char const*, unsigned char const*, float const*, float*, int*, std::bfloat16_t*, int, int, int) [clone .kd]",96,0.5569200000000001
fixed,target_body,Attention output projection,"void radiance_mxfp4_fp8_gemm_decode<8, 128, 4, 1, true, true, true>(unsigned char const*, unsigned char const*, unsigned char const*, unsigned char const*, float const*, float*, int*, std::bfloat16_t*, int, int, int) [clone .kd]",96,0.5214328333333336
fixed,target_body,Attention split-KV merge,"void qwen_stock_m1_shared_merge<256, 4, 1>(R4DArgs, int, int) [clone .kd]",96,0.11963099999999999
old,target_body,Attention split-KV merge,"void r4d_attn_splitkv_combine_kernel<256, 4, 1>(R4DArgs, int, int) [clone .kd]",96,0.13767099999999993
fixed,target_body,Embedding + first input normalization,triton_poi_fused__to_copy_embedding_0.kd,6,0.002599
old,target_body,Embedding + first input normalization,triton_red_fused__to_copy_add_embedding_mxfp4_linear_rms_norm_0.kd,6,0.004112333333333333
fixed,target_body,Embedding + first input normalization,"void stock_m1_gemma_norm<false, 5120, 512>(unsigned short const*, unsigned short const*, unsigned short const*, unsigned short*, unsigned short*, long, long, float, float*) [clone .kd]",6,0.0051589999999999995
old,target_body,Final normalization/layout,triton_red_fused__to_copy_add_fused_add_rms_norm_3.kd,6,0.002392333333333333
fixed,target_body,Final normalization/layout,"void stock_m1_gemma_norm<true, 5120, 512>(unsigned short const*, unsigned short const*, unsigned short const*, unsigned short*, unsigned short*, long, long, float, float*) [clone .kd]",6,0.005612333333333333
fixed,target_body,GDN convolution,_causal_conv1d_update_kernel.kd,288,0.22636549999999994
old,target_body,GDN convolution,"void r4d_gdn_conv_update_kernel<1>(unsigned short const*, long, unsigned short const*, unsigned short const*, unsigned short*, long, long, long, int, int const*, long, int const*, unsigned short*, unsigned short*, unsigned short*, int const*, int, int, int) [clone .kd]",288,0.49401483333333357
old,target_body,GDN input activation FP8 quantization,"void vllm::dynamic_per_token_scaled_fp8_quant_kernel_strided<c10::BFloat16, c10::Float8_e4m3fn>(c10::Float8_e4m3fn*, float*, c10::BFloat16 const*, float const*, int, long, long) [clone .kd]",288,0.12749966666666668
fixed,target_body,GDN input activation FP8 quantization,"void vllm::dynamic_per_token_scaled_fp8_quant_kernel_strided<c10::BFloat16, c10::Float8_e4m3fn>(c10::Float8_e4m3fn*, float*, c10::BFloat16 const*, float const*, int, long, long) [clone .kd]",288,0.12734583333333338
old,target_body,GDN input projection,"void radiance_mxfp4_fp8_gemm_decode<8, 128, 1, 1, true, true, true>(unsigned char const*, unsigned char const*, unsigned char const*, unsigned char const*, float const*, float*, int*, std::bfloat16_t*, int, int, int) [clone .kd]",288,3.875010500000001
fixed,target_body,GDN input projection,"void radiance_mxfp4_fp8_gemm_decode<8, 128, 1, 1, true, true, true>(unsigned char const*, unsigned char const*, unsigned char const*, unsigned char const*, float const*, float*, int*, std::bfloat16_t*, int, int, int) [clone .kd]",288,3.872797000000002
old,target_body,GDN layout/copies and buffer initialization,triton_per_fused_1.kd,96,0.02231766666666666
old,target_body,GDN layout/copies and buffer initialization,triton_poi_fused_0.kd,96,0.03125733333333333
fixed,target_body,GDN layout/copies and buffer initialization,triton_poi_fused_add_1.kd,18,0.004003666666666667
fixed,target_body,GDN layout/copies and buffer initialization,triton_poi_fused_add_2.kd,12,0.002738
old,target_body,GDN layout/copies and buffer initialization,"void at::native::elementwise_kernel_manual_unroll<128, 8, at::native::gpu_kernel_impl_nocast<at::native::direct_copy_kernel_cuda(at::TensorIteratorBase&)::{lambda()#3}::operator()() const::{lambda()#12}::operator()() const::{lambda(c10::BFloat16)#1}>(at::TensorIteratorBase&, at::native::direct_copy_kernel_cuda(at::TensorIteratorBase&)::{lambda()#3}::operator()() const::{lambda()#12}::operator()() const::{lambda(c10::BFloat16)#1} const&)::{lambda(int, bool)#1}>(int, at::native::gpu_kernel_impl_nocast<at::native::direct_copy_kernel_cuda(at::TensorIteratorBase&)::{lambda()#3}::operator()() const::{lambda()#12}::operator()() const::{lambda(c10::BFloat16)#1}>(at::TensorIteratorBase&, at::native::direct_copy_kernel_cuda(at::TensorIteratorBase&)::{lambda()#3}::operator()() const::{lambda()#12}::operator()() const::{lambda(c10::BFloat16)#1} const&)::{lambda(int, bool)#1}) [clone .kd]",288,0.1560996666666668
fixed,target_body,GDN layout/copies and buffer initialization,"void at::native::elementwise_kernel_manual_unroll<128, 8, at::native::gpu_kernel_impl_nocast<at::native::direct_copy_kernel_cuda(at::TensorIteratorBase&)::{lambda()#3}::operator()() const::{lambda()#12}::operator()() const::{lambda(c10::BFloat16)#1}>(at::TensorIteratorBase&, at::native::direct_copy_kernel_cuda(at::TensorIteratorBase&)::{lambda()#3}::operator()() const::{lambda()#12}::operator()() const::{lambda(c10::BFloat16)#1} const&)::{lambda(int, bool)#1}>(int, at::native::gpu_kernel_impl_nocast<at::native::direct_copy_kernel_cuda(at::TensorIteratorBase&)::{lambda()#3}::operator()() const::{lambda()#12}::operator()() const::{lambda(c10::BFloat16)#1}>(at::TensorIteratorBase&, at::native::direct_copy_kernel_cuda(at::TensorIteratorBase&)::{lambda()#3}::operator()() const::{lambda()#12}::operator()() const::{lambda(c10::BFloat16)#1} const&)::{lambda(int, bool)#1}) [clone .kd]",288,0.157119
fixed,target_body,GDN layout/copies and buffer initialization,"void at::native::vectorized_elementwise_kernel<4, at::native::bfloat16_copy_kernel_cuda(at::TensorIteratorBase&)::{lambda(float)#1}, std::array<char*, 2ul> >(int, at::native::bfloat16_copy_kernel_cuda(at::TensorIteratorBase&)::{lambda(float)#1}, std::array<char*, 2ul>) [clone .kd]",288,0.09275900000000008
old,target_body,GDN layout/copies and buffer initialization,"void at::native::vectorized_elementwise_kernel<8, at::native::FillFunctor<c10::BFloat16>, std::array<char*, 1ul> >(int, at::native::FillFunctor<c10::BFloat16>, std::array<char*, 1ul>) [clone .kd]",288,0.07463249999999999
fixed,target_body,GDN layout/copies and buffer initialization,"void at::native::vectorized_elementwise_kernel<8, at::native::FillFunctor<c10::BFloat16>, std::array<char*, 1ul> >(int, at::native::FillFunctor<c10::BFloat16>, std::array<char*, 1ul>) [clone .kd]",288,0.07488616666666673
old,target_body,GDN output activation FP8 quantization,"void vllm::dynamic_per_token_scaled_fp8_quant_kernel_strided<c10::BFloat16, c10::Float8_e4m3fn>(c10::Float8_e4m3fn*, float*, c10::BFloat16 const*, float const*, int, long, long) [clone .kd]",288,0.128079
fixed,target_body,GDN output activation FP8 quantization,"void vllm::dynamic_per_token_scaled_fp8_quant_kernel_strided<c10::BFloat16, c10::Float8_e4m3fn>(c10::Float8_e4m3fn*, float*, c10::BFloat16 const*, float const*, int, long, long) [clone .kd]",288,0.13108566666666668
fixed,target_body,GDN output gated normalization,layer_norm_fwd_kernel.kd,288,0.0973065
old,target_body,GDN output gated normalization,triton_per_fused__to_copy_mean_pow_view_0.kd,192,0.050375
old,target_body,GDN output gated normalization,triton_poi_fused__to_copy_add_mean_mul_mxfp4_linear_pow_rsqrt_silu_view_1.kd,192,0.05874150000000007
old,target_body,GDN output gated normalization,triton_poi_fused__to_copy_add_mean_mul_mxfp4_linear_pow_rsqrt_silu_view_2.kd,96,0.028797499999999997
old,target_body,GDN output projection,"void radiance_mxfp4_fp8_gemm_decode<8, 128, 4, 1, true, true, true>(unsigned char const*, unsigned char const*, unsigned char const*, unsigned char const*, float const*, float*, int*, std::bfloat16_t*, int, int, int) [clone .kd]",288,1.8841288333333341
fixed,target_body,GDN output projection,"void radiance_mxfp4_fp8_gemm_decode<8, 128, 4, 1, true, true, true>(unsigned char const*, unsigned char const*, unsigned char const*, unsigned char const*, float const*, float*, int*, std::bfloat16_t*, int, int, int) [clone .kd]",288,1.8837934999999997
fixed,target_body,GDN recurrence and gates,stock_gdn_scan_kernel.kd,288,1.2188051666666673
old,target_body,GDN recurrence and gates,"void r4d_gdn_recurrent_update_kernel<1, 0, 2>(unsigned short const*, unsigned short const*, unsigned short const*, void const*, void const*, long, float const*, float const*, float*, long, long, unsigned short*, int const*, int const*, long, int const*, unsigned short const*, float const*, float, int, int, int, float, float) [clone .kd]",288,1.1618766666666671
old,target_body,Layer input residual/normalization,triton_red_fused__to_copy_add_fused_add_rms_norm_mxfp4_linear_3.kd,90,0.037245
old,target_body,Layer input residual/normalization,triton_red_fused__to_copy_add_fused_add_rms_norm_mxfp4_linear_4.kd,192,0.07850833333333335
old,target_body,Layer input residual/normalization,triton_red_fused__to_copy_add_fused_add_rms_norm_mxfp4_linear_5.kd,96,0.03918416666666667
fixed,target_body,Layer input residual/normalization,"void stock_m1_gemma_norm<true, 5120, 512>(unsigned short const*, unsigned short const*, unsigned short const*, unsigned short*, unsigned short*, long, long, float, float*) [clone .kd]",378,0.3459718333333331
fixed,target_body,MLP SiLU and gating,triton_poi_fused_mul_mxfp4_linear_silu_slice_0.kd,288,0.14127216666666667
fixed,target_body,MLP SiLU and gating,triton_poi_fused_mul_mxfp4_linear_silu_slice_1.kd,96,0.04820416666666668
old,target_body,MLP SiLU and gating,triton_poi_fused_mul_mxfp4_linear_silu_slice_2.kd,96,0.04491750000000002
old,target_body,MLP SiLU and gating,triton_poi_fused_mul_mxfp4_linear_silu_slice_3.kd,192,0.0662615
old,target_body,MLP SiLU and gating,triton_poi_fused_mul_mxfp4_linear_silu_slice_4.kd,96,0.04513766666666663
old,target_body,MLP down input FP8 quantization,"void vllm::dynamic_per_token_scaled_fp8_quant_kernel_strided<c10::BFloat16, c10::Float8_e4m3fn>(c10::Float8_e4m3fn*, float*, c10::BFloat16 const*, float const*, int, long, long) [clone .kd]",384,0.29655766666666655
fixed,target_body,MLP down input FP8 quantization,"void vllm::dynamic_per_token_scaled_fp8_quant_kernel_strided<c10::BFloat16, c10::Float8_e4m3fn>(c10::Float8_e4m3fn*, float*, c10::BFloat16 const*, float const*, int, long, long) [clone .kd]",384,0.2973443333333335
old,target_body,MLP down projection,"void radiance_mxfp4_fp8_gemm_decode<8, 128, 4, 1, true, true, true>(unsigned char const*, unsigned char const*, unsigned char const*, unsigned char const*, float const*, float*, int*, std::bfloat16_t*, int, int, int) [clone .kd]",384,5.147347666666668
fixed,target_body,MLP down projection,"void radiance_mxfp4_fp8_gemm_decode<8, 128, 4, 1, true, true, true>(unsigned char const*, unsigned char const*, unsigned char const*, unsigned char const*, float const*, float*, int*, std::bfloat16_t*, int, int, int) [clone .kd]",384,5.14293316666666
old,target_body,MLP gate/up input FP8 quantization,"void vllm::dynamic_per_token_scaled_fp8_quant_kernel_strided<c10::BFloat16, c10::Float8_e4m3fn>(c10::Float8_e4m3fn*, float*, c10::BFloat16 const*, float const*, int, long, long) [clone .kd]",384,0.16485600000000009
fixed,target_body,MLP gate/up input FP8 quantization,"void vllm::dynamic_per_token_scaled_fp8_quant_kernel_strided<c10::BFloat16, c10::Float8_e4m3fn>(c10::Float8_e4m3fn*, float*, c10::BFloat16 const*, float const*, int, long, long) [clone .kd]",384,0.1665428333333336
old,target_body,MLP gate/up projection,"void radiance_mxfp4_fp8_gemm_folded<2, true, true>(unsigned char const*, unsigned char const*, unsigned char const*, unsigned char const*, float const*, std::bfloat16_t*, int, int, int) [clone .kd]",384,25.27120466666665
fixed,target_body,MLP gate/up projection,"void radiance_mxfp4_fp8_gemm_folded<2, true, true>(unsigned char const*, unsigned char const*, unsigned char const*, unsigned char const*, float const*, std::bfloat16_t*, int, int, int) [clone .kd]",384,25.437278833333327
old,target_body,Post-attention/GDN residual/normalization,triton_red_fused__to_copy_add_fused_add_rms_norm_mxfp4_linear_1.kd,96,0.035164
old,target_body,Post-attention/GDN residual/normalization,triton_red_fused__to_copy_add_fused_add_rms_norm_mxfp4_linear_2.kd,192,0.064875
old,target_body,Post-attention/GDN residual/normalization,triton_red_fused__to_copy_add_fused_add_rms_norm_mxfp4_linear_3.kd,96,0.04225766666666667
fixed,target_body,Post-attention/GDN residual/normalization,"void stock_m1_gemma_norm<true, 5120, 512>(unsigned short const*, unsigned short const*, unsigned short const*, unsigned short*, unsigned short*, long, long, float, float*) [clone .kd]",384,0.35259900000000005
fixed,target_vocabulary_head,Full BF16 target head,"(anonymous namespace)::stock_m1_head_pair(__hip_bfloat16 const*, __hip_bfloat16 const*, __hip_bfloat16*) [clone .kd]",6,4.139845666666667
old,target_vocabulary_head,Full BF16 target head,Cijk_Alik_Bljk_BBS_BH_Bias_HA_S_SAV_UserArgs_MT16x32x256_MI16x16x1_SN_LDSB0_AFC1_AG0_AGGSUA0_AGNTAB0_AFEM1_AFEM1_ASEM1_CD1_1_CLR1_CLS0_CADS0_DTLA0_DTLB0_DTLM0_DTVA0_DTVB1_DTVMXSA0_DTVMXSB0_DTVSM0_DPLB0_EPS1_ELFLR0_EMLLn1_FDSI0_GRPM1_GRVWA8_GRVWB8_GSUAMB_GLS0_HPLR0_ISA1201_ICIW0_IU1_K1_LDSTI0_LBSPPA512_LBSPPB0_LBSPPMXSA0_LBSPPMXSB0_LBSPPM0_LPA16_LPB0_LPMXSA0_LPMXSB0_LPM0_LRVW8_LWPMn1_MIAV1_MIWT1_1_MXLIBL_MXSFNS_MO40_MGRIPM1_NTn1_NTA0_NTB0_NTC0_NTD0_NTE0_NTMXSA0_NTMXSB0_NTM0_NTWS0_NVn1_NVA0_NVB0_NVC0_NVD0_NVE0_NVMXSA0_NVMXSB0_NVM0_NVWS0_NEPBS0_NLCA1_NLCB16_ONLL0_PAP0_PGL0_PGR1_PLR1_PKA0_SGROB0_SIA3_SS1_SPO0_SRVW0_SSO0_SVW1_SK0_SKFTR0_SKFDPO0_SKXCCM0_SNLL0_SIP1_SGRO0_TDMI0_TDMIM0_TDMS0_TIN0_THn1_THA0_THB0_THC0_THD0_THE0_THMXSA0_THMXSB0_THM0_THWS0_TLDS1_TLDSM1_ULSGRO0_USL1_USLMX0_UIOFGRO0_UPLRP0_USFGROn1_USI0_VSn1_VWA1_VWB1_WSGRA0_WSGRB0_WS32_WG16_4_1.kd,6,4.024324999999999
old,unattributed,Other GPU bookkeeping,__amd_rocclr_copyBuffer.kd,172,0.07527800000000003
fixed,unattributed,Other GPU bookkeeping,__amd_rocclr_copyBuffer.kd,172,0.07616516666666664
old,unattributed,Other GPU bookkeeping,__amd_rocclr_fillBufferAligned.kd,6,0.002699
fixed,unattributed,Other GPU bookkeeping,__amd_rocclr_fillBufferAligned.kd,6,0.002519
old,unattributed,Other GPU bookkeeping,_combine_sampled_and_draft_tokens_kernel.kd,7,0.0034321666666666667
fixed,unattributed,Other GPU bookkeeping,_combine_sampled_and_draft_tokens_kernel.kd,7,0.0034855
old,unattributed,Other GPU bookkeeping,_compute_local_logits_stats_kernel.kd,6,0.028659166666666666
fixed,unattributed,Other GPU bookkeeping,_compute_local_logits_stats_kernel.kd,6,0.02881916666666667
old,unattributed,Other GPU bookkeeping,_compute_slot_mappings_kernel.kd,7,0.0033858333333333336
fixed,unattributed,Other GPU bookkeeping,_compute_slot_mappings_kernel.kd,7,0.0034855
old,unattributed,Other GPU bookkeeping,_expand_idx_mapping_kernel.kd,7,0.0021855
fixed,unattributed,Other GPU bookkeeping,_expand_idx_mapping_kernel.kd,7,0.002339
old,unattributed,Other GPU bookkeeping,_gather_block_tables_kernel.kd,7,0.005632166666666667
fixed,unattributed,Other GPU bookkeeping,_gather_block_tables_kernel.kd,7,0.005852166666666666
old,unattributed,Other GPU bookkeeping,_get_num_sampled_and_rejected_kernel.kd,6,0.0026323333333333333
fixed,unattributed,Other GPU bookkeeping,_get_num_sampled_and_rejected_kernel.kd,6,0.0027923333333333333
old,unattributed,Other GPU bookkeeping,_insert_resampled_kernel.kd,6,0.003465666666666667
fixed,unattributed,Other GPU bookkeeping,_insert_resampled_kernel.kd,6,0.003499
old,unattributed,Other GPU bookkeeping,_post_update_kernel.kd,6,0.005292333333333333
fixed,unattributed,Other GPU bookkeeping,_post_update_kernel.kd,6,0.005205666666666667
old,unattributed,Other GPU bookkeeping,_prepare_pos_seq_lens_kernel.kd,7,0.0024988333333333334
fixed,unattributed,Other GPU bookkeeping,_prepare_pos_seq_lens_kernel.kd,7,0.0023921666666666666
old,unattributed,Other GPU bookkeeping,_prepare_rope_positions_kernel.kd,7,0.003118833333333333
fixed,unattributed,Other GPU bookkeeping,_prepare_rope_positions_kernel.kd,7,0.003232166666666667
old,unattributed,Other GPU bookkeeping,_rejection_kernel.kd,6,0.007559
fixed,unattributed,Other GPU bookkeeping,_rejection_kernel.kd,6,0.007219
old,unattributed,Other GPU bookkeeping,_resample_kernel.kd,6,0.014159
fixed,unattributed,Other GPU bookkeeping,_resample_kernel.kd,6,0.015365833333333336
old,unattributed,Other GPU bookkeeping,_scatter_num_accepted_kernel.kd,6,0.001939
fixed,unattributed,Other GPU bookkeeping,_scatter_num_accepted_kernel.kd,6,0.0019856666666666664
old,unattributed,Other GPU bookkeeping,postprocess_mamba_fused_kernel.kd,6,0.002552333333333333
fixed,unattributed,Other GPU bookkeeping,postprocess_mamba_fused_kernel.kd,6,0.002699
old,unattributed,Other GPU bookkeeping,precopy_mamba_align_fused_kernel.kd,7,0.0030788333333333327
fixed,unattributed,Other GPU bookkeeping,precopy_mamba_align_fused_kernel.kd,7,0.0030988333333333336
old,unattributed,Other GPU bookkeeping,preprocess_mamba_align_fused_kernel.kd,7,0.003118833333333333
fixed,unattributed,Other GPU bookkeeping,preprocess_mamba_align_fused_kernel.kd,7,0.003012166666666667
old,unattributed,Other GPU bookkeeping,"void (anonymous namespace)::elementwise_kernel_with_index<int, at::native::arange_cuda_out(c10::Scalar const&, c10::Scalar const&, c10::Scalar const&, at::Tensor&)::{lambda()#1}::operator()() const::{lambda()#3}::operator()() const::{lambda(long)#1}>(int, at::native::arange_cuda_out(c10::Scalar const&, c10::Scalar const&, c10::Scalar const&, at::Tensor&)::{lambda()#1}::operator()() const::{lambda()#3}::operator()() const::{lambda(long)#1}, function_traits<at::native::arange_cuda_out(c10::Scalar const&, c10::Scalar const&, c10::Scalar const&, at::Tensor&)::{lambda()#1}::operator()() const::{lambda()#3}::operator()() const::{lambda(long)#1}>::result_type*) [clone .kd]",42,0.010239666666666668
fixed,unattributed,Other GPU bookkeeping,"void (anonymous namespace)::elementwise_kernel_with_index<int, at::native::arange_cuda_out(c10::Scalar const&, c10::Scalar const&, c10::Scalar const&, at::Tensor&)::{lambda()#1}::operator()() const::{lambda()#3}::operator()() const::{lambda(long)#1}>(int, at::native::arange_cuda_out(c10::Scalar const&, c10::Scalar const&, c10::Scalar const&, at::Tensor&)::{lambda()#1}::operator()() const::{lambda()#3}::operator()() const::{lambda(long)#1}, function_traits<at::native::arange_cuda_out(c10::Scalar const&, c10::Scalar const&, c10::Scalar const&, at::Tensor&)::{lambda()#1}::operator()() const::{lambda()#3}::operator()() const::{lambda(long)#1}>::result_type*) [clone .kd]",42,0.014853000000000007
old,unattributed,Other GPU bookkeeping,"void (anonymous namespace)::softmax_warp_forward<float, float, float, 6, false, false, 32>(float*, float const*, int, int, int, bool const*, int, bool) [clone .kd]",6,0.0022256666666666666
fixed,unattributed,Other GPU bookkeeping,"void (anonymous namespace)::softmax_warp_forward<float, float, float, 6, false, false, 32>(float*, float const*, int, int, int, bool const*, int, bool) [clone .kd]",6,0.002352333333333333
old,unattributed,Other GPU bookkeeping,"void at::native::_scatter_gather_elementwise_kernel<256, 4, at::native::_cuda_scatter_gather_internal_kernel<false, at::native::OpaqueType<4>, long>::operator()<at::native::TensorAssign>(at::TensorIterator&, long, long, long, at::native::TensorAssign const&)::{lambda(int)#1}>(int, at::native::_cuda_scatter_gather_internal_kernel<false, at::native::OpaqueType<4>, long>::operator()<at::native::TensorAssign>(at::TensorIterator&, long, long, long, at::native::TensorAssign const&)::{lambda(int)#1}) [clone .kd]",48,0.015452166666666671
fixed,unattributed,Other GPU bookkeeping,"void at::native::_scatter_gather_elementwise_kernel<256, 4, at::native::_cuda_scatter_gather_internal_kernel<false, at::native::OpaqueType<4>, long>::operator()<at::native::TensorAssign>(at::TensorIterator&, long, long, long, at::native::TensorAssign const&)::{lambda(int)#1}>(int, at::native::_cuda_scatter_gather_internal_kernel<false, at::native::OpaqueType<4>, long>::operator()<at::native::TensorAssign>(at::TensorIterator&, long, long, long, at::native::TensorAssign const&)::{lambda(int)#1}) [clone .kd]",48,0.015558833333333333
old,unattributed,Other GPU bookkeeping,"void at::native::_scatter_gather_elementwise_kernel<256, 4, at::native::_cuda_scatter_gather_internal_kernel<true, at::native::OpaqueType<4>, long>::operator()<at::native::TensorAssign>(at::TensorIterator&, long, long, long, at::native::TensorAssign const&)::{lambda(int)#1}>(int, at::native::_cuda_scatter_gather_internal_kernel<true, at::native::OpaqueType<4>, long>::operator()<at::native::TensorAssign>(at::TensorIterator&, long, long, long, at::native::TensorAssign const&)::{lambda(int)#1}) [clone .kd]",6,0.002579
fixed,unattributed,Other GPU bookkeeping,"void at::native::_scatter_gather_elementwise_kernel<256, 4, at::native::_cuda_scatter_gather_internal_kernel<true, at::native::OpaqueType<4>, long>::operator()<at::native::TensorAssign>(at::TensorIterator&, long, long, long, at::native::TensorAssign const&)::{lambda(int)#1}>(int, at::native::_cuda_scatter_gather_internal_kernel<true, at::native::OpaqueType<4>, long>::operator()<at::native::TensorAssign>(at::TensorIterator&, long, long, long, at::native::TensorAssign const&)::{lambda(int)#1}) [clone .kd]",6,0.003045666666666667
old,unattributed,Other GPU bookkeeping,"void at::native::elementwise_kernel_manual_unroll<128, 4, at::native::gpu_kernel_impl<at::native::direct_copy_kernel_cuda(at::TensorIteratorBase&)::{lambda()#3}::operator()() const::{lambda()#4}::operator()() const::{lambda(long)#1}>(at::TensorIteratorBase&, at::native::direct_copy_kernel_cuda(at::TensorIteratorBase&)::{lambda()#3}::operator()() const::{lambda()#4}::operator()() const::{lambda(long)#1} const&)::{lambda(int, bool)#1}>(int, at::native::gpu_kernel_impl<at::native::direct_copy_kernel_cuda(at::TensorIteratorBase&)::{lambda()#3}::operator()() const::{lambda()#4}::operator()() const::{lambda(long)#1}>(at::TensorIteratorBase&, at::native::direct_copy_kernel_cuda(at::TensorIteratorBase&)::{lambda()#3}::operator()() const::{lambda()#4}::operator()() const::{lambda(long)#1} const&)::{lambda(int, bool)#1}) [clone .kd]",48,0.020612000000000005
fixed,unattributed,Other GPU bookkeeping,"void at::native::elementwise_kernel_manual_unroll<128, 4, at::native::gpu_kernel_impl<at::native::direct_copy_kernel_cuda(at::TensorIteratorBase&)::{lambda()#3}::operator()() const::{lambda()#4}::operator()() const::{lambda(long)#1}>(at::TensorIteratorBase&, at::native::direct_copy_kernel_cuda(at::TensorIteratorBase&)::{lambda()#3}::operator()() const::{lambda()#4}::operator()() const::{lambda(long)#1} const&)::{lambda(int, bool)#1}>(int, at::native::gpu_kernel_impl<at::native::direct_copy_kernel_cuda(at::TensorIteratorBase&)::{lambda()#3}::operator()() const::{lambda()#4}::operator()() const::{lambda(long)#1}>(at::TensorIteratorBase&, at::native::direct_copy_kernel_cuda(at::TensorIteratorBase&)::{lambda()#3}::operator()() const::{lambda()#4}::operator()() const::{lambda(long)#1} const&)::{lambda(int, bool)#1}) [clone .kd]",48,0.0208855
old,unattributed,Other GPU bookkeeping,"void at::native::elementwise_kernel_manual_unroll<128, 4, at::native::gpu_kernel_impl_nocast<at::native::CUDAFunctor_add<int> >(at::TensorIteratorBase&, at::native::CUDAFunctor_add<int> const&)::{lambda(int, bool)#1}>(int, at::native::gpu_kernel_impl_nocast<at::native::CUDAFunctor_add<int> >(at::TensorIteratorBase&, at::native::CUDAFunctor_add<int> const&)::{lambda(int, bool)#1}) [clone .kd]",42,0.02139983333333333
fixed,unattributed,Other GPU bookkeeping,"void at::native::elementwise_kernel_manual_unroll<128, 4, at::native::gpu_kernel_impl_nocast<at::native::CUDAFunctor_add<int> >(at::TensorIteratorBase&, at::native::CUDAFunctor_add<int> const&)::{lambda(int, bool)#1}>(int, at::native::gpu_kernel_impl_nocast<at::native::CUDAFunctor_add<int> >(at::TensorIteratorBase&, at::native::CUDAFunctor_add<int> const&)::{lambda(int, bool)#1}) [clone .kd]",42,0.018933
old,unattributed,Other GPU bookkeeping,"void at::native::elementwise_kernel_manual_unroll<128, 8, at::native::gpu_kernel_impl_nocast<at::native::(anonymous namespace)::CompareFunctor<float> >(at::TensorIteratorBase&, at::native::(anonymous namespace)::CompareFunctor<float> const&)::{lambda(int, bool)#1}>(int, at::native::gpu_kernel_impl_nocast<at::native::(anonymous namespace)::CompareFunctor<float> >(at::TensorIteratorBase&, at::native::(anonymous namespace)::CompareFunctor<float> const&)::{lambda(int, bool)#1}) [clone .kd]",18,0.018943666666666668
fixed,unattributed,Other GPU bookkeeping,"void at::native::elementwise_kernel_manual_unroll<128, 8, at::native::gpu_kernel_impl_nocast<at::native::(anonymous namespace)::CompareFunctor<float> >(at::TensorIteratorBase&, at::native::(anonymous namespace)::CompareFunctor<float> const&)::{lambda(int, bool)#1}>(int, at::native::gpu_kernel_impl_nocast<at::native::(anonymous namespace)::CompareFunctor<float> >(at::TensorIteratorBase&, at::native::(anonymous namespace)::CompareFunctor<float> const&)::{lambda(int, bool)#1}) [clone .kd]",18,0.01957733333333333
old,unattributed,Other GPU bookkeeping,"void at::native::index_elementwise_kernel<128, 4, at::native::gpu_index_kernel<at::native::index_kernel_impl<at::native::OpaqueType<4> >(at::TensorIteratorBase&, c10::ArrayRef<long>, c10::ArrayRef<long>)::{lambda(char*, char const*, long)#1}>(at::TensorIteratorBase&, c10::ArrayRef<long>, c10::ArrayRef<long>, at::native::index_kernel_impl<at::native::OpaqueType<4> >(at::TensorIteratorBase&, c10::ArrayRef<long>, c10::ArrayRef<long>)::{lambda(char*, char const*, long)#1} const&, bool)::{lambda(int)#1}>(long, at::native::gpu_index_kernel<at::native::index_kernel_impl<at::native::OpaqueType<4> >(at::TensorIteratorBase&, c10::ArrayRef<long>, c10::ArrayRef<long>)::{lambda(char*, char const*, long)#1}>(at::TensorIteratorBase&, c10::ArrayRef<long>, c10::ArrayRef<long>, at::native::index_kernel_impl<at::native::OpaqueType<4> >(at::TensorIteratorBase&, c10::ArrayRef<long>, c10::ArrayRef<long>)::{lambda(char*, char const*, long)#1} const&, bool)::{lambda(int)#1}) [clone .kd]",109,0.053088500000000004
fixed,unattributed,Other GPU bookkeeping,"void at::native::index_elementwise_kernel<128, 4, at::native::gpu_index_kernel<at::native::index_kernel_impl<at::native::OpaqueType<4> >(at::TensorIteratorBase&, c10::ArrayRef<long>, c10::ArrayRef<long>)::{lambda(char*, char const*, long)#1}>(at::TensorIteratorBase&, c10::ArrayRef<long>, c10::ArrayRef<long>, at::native::index_kernel_impl<at::native::OpaqueType<4> >(at::TensorIteratorBase&, c10::ArrayRef<long>, c10::ArrayRef<long>)::{lambda(char*, char const*, long)#1} const&, bool)::{lambda(int)#1}>(long, at::native::gpu_index_kernel<at::native::index_kernel_impl<at::native::OpaqueType<4> >(at::TensorIteratorBase&, c10::ArrayRef<long>, c10::ArrayRef<long>)::{lambda(char*, char const*, long)#1}>(at::TensorIteratorBase&, c10::ArrayRef<long>, c10::ArrayRef<long>, at::native::index_kernel_impl<at::native::OpaqueType<4> >(at::TensorIteratorBase&, c10::ArrayRef<long>, c10::ArrayRef<long>)::{lambda(char*, char const*, long)#1} const&, bool)::{lambda(int)#1}) [clone .kd]",109,0.05358899999999998
old,unattributed,Other GPU bookkeeping,"void at::native::index_elementwise_kernel<128, 4, at::native::gpu_index_kernel<at::native::index_kernel_impl<at::native::OpaqueType<8> >(at::TensorIteratorBase&, c10::ArrayRef<long>, c10::ArrayRef<long>)::{lambda(char*, char const*, long)#1}>(at::TensorIteratorBase&, c10::ArrayRef<long>, c10::ArrayRef<long>, at::native::index_kernel_impl<at::native::OpaqueType<8> >(at::TensorIteratorBase&, c10::ArrayRef<long>, c10::ArrayRef<long>)::{lambda(char*, char const*, long)#1} const&, bool)::{lambda(int)#1}>(long, at::native::gpu_index_kernel<at::native::index_kernel_impl<at::native::OpaqueType<8> >(at::TensorIteratorBase&, c10::ArrayRef<long>, c10::ArrayRef<long>)::{lambda(char*, char const*, long)#1}>(at::TensorIteratorBase&, c10::ArrayRef<long>, c10::ArrayRef<long>, at::native::index_kernel_impl<at::native::OpaqueType<8> >(at::TensorIteratorBase&, c10::ArrayRef<long>, c10::ArrayRef<long>)::{lambda(char*, char const*, long)#1} const&, bool)::{lambda(int)#1}) [clone .kd]",12,0.0059446666666666675
fixed,unattributed,Other GPU bookkeeping,"void at::native::index_elementwise_kernel<128, 4, at::native::gpu_index_kernel<at::native::index_kernel_impl<at::native::OpaqueType<8> >(at::TensorIteratorBase&, c10::ArrayRef<long>, c10::ArrayRef<long>)::{lambda(char*, char const*, long)#1}>(at::TensorIteratorBase&, c10::ArrayRef<long>, c10::ArrayRef<long>, at::native::index_kernel_impl<at::native::OpaqueType<8> >(at::TensorIteratorBase&, c10::ArrayRef<long>, c10::ArrayRef<long>)::{lambda(char*, char const*, long)#1} const&, bool)::{lambda(int)#1}>(long, at::native::gpu_index_kernel<at::native::index_kernel_impl<at::native::OpaqueType<8> >(at::TensorIteratorBase&, c10::ArrayRef<long>, c10::ArrayRef<long>)::{lambda(char*, char const*, long)#1}>(at::TensorIteratorBase&, c10::ArrayRef<long>, c10::ArrayRef<long>, at::native::index_kernel_impl<at::native::OpaqueType<8> >(at::TensorIteratorBase&, c10::ArrayRef<long>, c10::ArrayRef<long>)::{lambda(char*, char const*, long)#1} const&, bool)::{lambda(int)#1}) [clone .kd]",12,0.005984666666666667
old,unattributed,Other GPU bookkeeping,"void at::native::index_elementwise_kernel<128, 4, at::native::gpu_index_kernel<at::native::index_put_kernel_impl<at::native::OpaqueType<8> >(at::TensorIterator&, c10::ArrayRef<long>, c10::ArrayRef<long>)::{lambda(char*, char const*, long)#1}>(at::TensorIteratorBase&, c10::ArrayRef<long>, c10::ArrayRef<long>, at::native::index_put_kernel_impl<at::native::OpaqueType<8> >(at::TensorIterator&, c10::ArrayRef<long>, c10::ArrayRef<long>)::{lambda(char*, char const*, long)#1} const&, bool)::{lambda(int)#1}>(long, at::native::gpu_index_kernel<at::native::index_put_kernel_impl<at::native::OpaqueType<8> >(at::TensorIterator&, c10::ArrayRef<long>, c10::ArrayRef<long>)::{lambda(char*, char const*, long)#1}>(at::TensorIteratorBase&, c10::ArrayRef<long>, c10::ArrayRef<long>, at::native::index_put_kernel_impl<at::native::OpaqueType<8> >(at::TensorIterator&, c10::ArrayRef<long>, c10::ArrayRef<long>)::{lambda(char*, char const*, long)#1} const&, bool)::{lambda(int)#1}) [clone .kd]",6,0.003059
fixed,unattributed,Other GPU bookkeeping,"void at::native::index_elementwise_kernel<128, 4, at::native::gpu_index_kernel<at::native::index_put_kernel_impl<at::native::OpaqueType<8> >(at::TensorIterator&, c10::ArrayRef<long>, c10::ArrayRef<long>)::{lambda(char*, char const*, long)#1}>(at::TensorIteratorBase&, c10::ArrayRef<long>, c10::ArrayRef<long>, at::native::index_put_kernel_impl<at::native::OpaqueType<8> >(at::TensorIterator&, c10::ArrayRef<long>, c10::ArrayRef<long>)::{lambda(char*, char const*, long)#1} const&, bool)::{lambda(int)#1}>(long, at::native::gpu_index_kernel<at::native::index_put_kernel_impl<at::native::OpaqueType<8> >(at::TensorIterator&, c10::ArrayRef<long>, c10::ArrayRef<long>)::{lambda(char*, char const*, long)#1}>(at::TensorIteratorBase&, c10::ArrayRef<long>, c10::ArrayRef<long>, at::native::index_put_kernel_impl<at::native::OpaqueType<8> >(at::TensorIterator&, c10::ArrayRef<long>, c10::ArrayRef<long>)::{lambda(char*, char const*, long)#1} const&, bool)::{lambda(int)#1}) [clone .kd]",6,0.0029790000000000003
old,unattributed,Other GPU bookkeeping,"void at::native::mbtopk::computeBlockDigitCounts<float, unsigned int, unsigned int, 2>(at::cuda::detail::TensorInfo<float const, unsigned int>, unsigned int, unsigned int*, unsigned int, unsigned int, int, int, unsigned int, unsigned int, unsigned int*, short*) [clone .kd]",24,0.05026283333333333
fixed,unattributed,Other GPU bookkeeping,"void at::native::mbtopk::computeBlockDigitCounts<float, unsigned int, unsigned int, 2>(at::cuda::detail::TensorInfo<float const, unsigned int>, unsigned int, unsigned int*, unsigned int, unsigned int, int, int, unsigned int, unsigned int, unsigned int*, short*) [clone .kd]",24,0.05210950000000001
old,unattributed,Other GPU bookkeeping,"void at::native::mbtopk::computeBlockwiseWithinKCounts<unsigned int, float>(unsigned int*, short*, unsigned int*, unsigned int, int, bool, unsigned int*, float*, unsigned int*, unsigned int*, unsigned int*, unsigned int) [clone .kd]",24,0.037522833333333325
fixed,unattributed,Other GPU bookkeeping,"void at::native::mbtopk::computeBlockwiseWithinKCounts<unsigned int, float>(unsigned int*, short*, unsigned int*, unsigned int, int, bool, unsigned int*, float*, unsigned int*, unsigned int*, unsigned int*, unsigned int) [clone .kd]",24,0.038715999999999993
old,unattributed,Other GPU bookkeeping,"void at::native::mbtopk::fill<unsigned int, unsigned int>(unsigned int*, unsigned int, unsigned int) [clone .kd]",6,0.0016123333333333332
fixed,unattributed,Other GPU bookkeeping,"void at::native::mbtopk::fill<unsigned int, unsigned int>(unsigned int*, unsigned int, unsigned int) [clone .kd]",6,0.0017056666666666667
old,unattributed,Other GPU bookkeeping,"void at::native::mbtopk::gatherTopK<float, unsigned int, 2>(at::cuda::detail::TensorInfo<float const, unsigned int>, unsigned int, unsigned int, bool, unsigned int, unsigned int, at::cuda::detail::TensorInfo<float, unsigned int>, unsigned int, at::cuda::detail::TensorInfo<long, unsigned int>, unsigned int, unsigned int, unsigned int, float*, unsigned int*, unsigned int*, unsigned int) [clone .kd]",6,0.026179
fixed,unattributed,Other GPU bookkeeping,"void at::native::mbtopk::gatherTopK<float, unsigned int, 2>(at::cuda::detail::TensorInfo<float const, unsigned int>, unsigned int, unsigned int, bool, unsigned int, unsigned int, at::cuda::detail::TensorInfo<float, unsigned int>, unsigned int, at::cuda::detail::TensorInfo<long, unsigned int>, unsigned int, unsigned int, unsigned int, float*, unsigned int*, unsigned int*, unsigned int) [clone .kd]",6,0.026025833333333335
old,unattributed,Other GPU bookkeeping,"void at::native::tensor_kernel_scan_innermost_dim<float, std::plus<float> >(float*, float const*, unsigned int, unsigned int, unsigned int, float, std::plus<float>) [clone .kd]",6,0.002645666666666667
fixed,unattributed,Other GPU bookkeeping,"void at::native::tensor_kernel_scan_innermost_dim<float, std::plus<float> >(float*, float const*, unsigned int, unsigned int, unsigned int, float, std::plus<float>) [clone .kd]",6,0.002725666666666667
old,unattributed,Other GPU bookkeeping,"void at::native::unrolled_elementwise_kernel<at::native::CUDAFunctor_add<int>, std::array<char*, 3ul>, 4, TrivialOffsetCalculator<2, unsigned int>, TrivialOffsetCalculator<1, unsigned int>, at::native::memory::LoadWithoutCast, at::native::memory::StoreWithoutCast>(int, at::native::CUDAFunctor_add<int>, std::array<char*, 3ul>, TrivialOffsetCalculator<2, unsigned int>, TrivialOffsetCalculator<1, unsigned int>, at::native::memory::LoadWithoutCast, at::native::memory::StoreWithoutCast) [clone .kd]",42,0.012019666666666665
fixed,unattributed,Other GPU bookkeeping,"void at::native::unrolled_elementwise_kernel<at::native::CUDAFunctor_add<int>, std::array<char*, 3ul>, 4, TrivialOffsetCalculator<2, unsigned int>, TrivialOffsetCalculator<1, unsigned int>, at::native::memory::LoadWithoutCast, at::native::memory::StoreWithoutCast>(int, at::native::CUDAFunctor_add<int>, std::array<char*, 3ul>, TrivialOffsetCalculator<2, unsigned int>, TrivialOffsetCalculator<1, unsigned int>, at::native::memory::LoadWithoutCast, at::native::memory::StoreWithoutCast) [clone .kd]",42,0.012019666666666666
old,unattributed,Other GPU bookkeeping,"void at::native::vectorized_elementwise_kernel<16, at::native::BinaryFunctor<bool, bool, bool, at::native::BitwiseOrFunctor<bool> >, std::array<char*, 3ul> >(int, at::native::BinaryFunctor<bool, bool, bool, at::native::BitwiseOrFunctor<bool> >, std::array<char*, 3ul>) [clone .kd]",6,0.002759
fixed,unattributed,Other GPU bookkeeping,"void at::native::vectorized_elementwise_kernel<16, at::native::BinaryFunctor<bool, bool, bool, at::native::BitwiseOrFunctor<bool> >, std::array<char*, 3ul> >(int, at::native::BinaryFunctor<bool, bool, bool, at::native::BitwiseOrFunctor<bool> >, std::array<char*, 3ul>) [clone .kd]",6,0.0026590000000000003
old,unattributed,Other GPU bookkeeping,"void at::native::vectorized_elementwise_kernel<16, at::native::FillFunctor<bool>, std::array<char*, 1ul> >(int, at::native::FillFunctor<bool>, std::array<char*, 1ul>) [clone .kd]",7,0.0021188333333333332
fixed,unattributed,Other GPU bookkeeping,"void at::native::vectorized_elementwise_kernel<16, at::native::FillFunctor<bool>, std::array<char*, 1ul> >(int, at::native::FillFunctor<bool>, std::array<char*, 1ul>) [clone .kd]",7,0.0021855
old,unattributed,Other GPU bookkeeping,"void at::native::vectorized_elementwise_kernel<16, at::native::bitwise_not_kernel_cuda(at::TensorIteratorBase&)::{lambda(bool)#1}, std::array<char*, 2ul> >(int, at::native::bitwise_not_kernel_cuda(at::TensorIteratorBase&)::{lambda(bool)#1}, std::array<char*, 2ul>) [clone .kd]",6,0.0022856666666666667
fixed,unattributed,Other GPU bookkeeping,"void at::native::vectorized_elementwise_kernel<16, at::native::bitwise_not_kernel_cuda(at::TensorIteratorBase&)::{lambda(bool)#1}, std::array<char*, 2ul> >(int, at::native::bitwise_not_kernel_cuda(at::TensorIteratorBase&)::{lambda(bool)#1}, std::array<char*, 2ul>) [clone .kd]",6,0.0023323333333333334
old,unattributed,Other GPU bookkeeping,"void at::native::vectorized_elementwise_kernel<4, at::native::(anonymous namespace)::launch_clamp_scalar(at::TensorIteratorBase&, c10::Scalar, c10::Scalar, at::native::detail::ClampLimits)::{lambda()#1}::operator()() const::{lambda()#3}::operator()() const::{lambda(int)#1}, std::array<char*, 2ul> >(int, at::native::(anonymous namespace)::launch_clamp_scalar(at::TensorIteratorBase&, c10::Scalar, c10::Scalar, at::native::detail::ClampLimits)::{lambda()#1}::operator()() const::{lambda()#3}::operator()() const::{lambda(int)#1}, std::array<char*, 2ul>) [clone .kd]",42,0.012046333333333334
fixed,unattributed,Other GPU bookkeeping,"void at::native::vectorized_elementwise_kernel<4, at::native::(anonymous namespace)::launch_clamp_scalar(at::TensorIteratorBase&, c10::Scalar, c10::Scalar, at::native::detail::ClampLimits)::{lambda()#1}::operator()() const::{lambda()#3}::operator()() const::{lambda(int)#1}, std::array<char*, 2ul> >(int, at::native::(anonymous namespace)::launch_clamp_scalar(at::TensorIteratorBase&, c10::Scalar, c10::Scalar, at::native::detail::ClampLimits)::{lambda()#1}::operator()() const::{lambda()#3}::operator()() const::{lambda(int)#1}, std::array<char*, 2ul>) [clone .kd]",42,0.014173166666666667
old,unattributed,Other GPU bookkeeping,"void at::native::vectorized_elementwise_kernel<4, at::native::(anonymous namespace)::launch_clamp_scalar(at::TensorIteratorBase&, c10::Scalar, c10::Scalar, at::native::detail::ClampLimits)::{lambda()#1}::operator()() const::{lambda()#4}::operator()() const::{lambda(long)#1}, std::array<char*, 2ul> >(int, at::native::(anonymous namespace)::launch_clamp_scalar(at::TensorIteratorBase&, c10::Scalar, c10::Scalar, at::native::detail::ClampLimits)::{lambda()#1}::operator()() const::{lambda()#4}::operator()() const::{lambda(long)#1}, std::array<char*, 2ul>) [clone .kd]",6,0.0017723333333333334
fixed,unattributed,Other GPU bookkeeping,"void at::native::vectorized_elementwise_kernel<4, at::native::(anonymous namespace)::launch_clamp_scalar(at::TensorIteratorBase&, c10::Scalar, c10::Scalar, at::native::detail::ClampLimits)::{lambda()#1}::operator()() const::{lambda()#4}::operator()() const::{lambda(long)#1}, std::array<char*, 2ul> >(int, at::native::(anonymous namespace)::launch_clamp_scalar(at::TensorIteratorBase&, c10::Scalar, c10::Scalar, at::native::detail::ClampLimits)::{lambda()#1}::operator()() const::{lambda()#4}::operator()() const::{lambda(long)#1}, std::array<char*, 2ul>) [clone .kd]",6,0.001859
old,unattributed,Other GPU bookkeeping,"void at::native::vectorized_elementwise_kernel<4, at::native::(anonymous namespace)::masked_fill_kernel(at::TensorIterator&, c10::Scalar const&)::{lambda()#1}::operator()() const::{lambda()#7}::operator()() const::{lambda(float, bool)#1}, std::array<char*, 3ul> >(int, at::native::(anonymous namespace)::masked_fill_kernel(at::TensorIterator&, c10::Scalar const&)::{lambda()#1}::operator()() const::{lambda()#7}::operator()() const::{lambda(float, bool)#1}, std::array<char*, 3ul>) [clone .kd]",6,0.010072666666666666
fixed,unattributed,Other GPU bookkeeping,"void at::native::vectorized_elementwise_kernel<4, at::native::(anonymous namespace)::masked_fill_kernel(at::TensorIterator&, c10::Scalar const&)::{lambda()#1}::operator()() const::{lambda()#7}::operator()() const::{lambda(float, bool)#1}, std::array<char*, 3ul> >(int, at::native::(anonymous namespace)::masked_fill_kernel(at::TensorIterator&, c10::Scalar const&)::{lambda()#1}::operator()() const::{lambda()#7}::operator()() const::{lambda(float, bool)#1}, std::array<char*, 3ul>) [clone .kd]",6,0.010065666666666667
old,unattributed,Other GPU bookkeeping,"void at::native::vectorized_elementwise_kernel<4, at::native::(anonymous namespace)::where_kernel_impl(at::TensorIterator&)::{lambda()#1}::operator()() const::{lambda()#11}::operator()() const::{lambda(bool, float, float)#1}, std::array<char*, 4ul> >(int, at::native::(anonymous namespace)::where_kernel_impl(at::TensorIterator&)::{lambda()#1}::operator()() const::{lambda()#11}::operator()() const::{lambda(bool, float, float)#1}, std::array<char*, 4ul>) [clone .kd]",12,0.004604666666666666
fixed,unattributed,Other GPU bookkeeping,"void at::native::vectorized_elementwise_kernel<4, at::native::(anonymous namespace)::where_kernel_impl(at::TensorIterator&)::{lambda()#1}::operator()() const::{lambda()#11}::operator()() const::{lambda(bool, float, float)#1}, std::array<char*, 4ul> >(int, at::native::(anonymous namespace)::where_kernel_impl(at::TensorIterator&)::{lambda()#1}::operator()() const::{lambda()#11}::operator()() const::{lambda(bool, float, float)#1}, std::array<char*, 4ul>) [clone .kd]",12,0.0048779999999999995
old,unattributed,Other GPU bookkeeping,"void at::native::vectorized_elementwise_kernel<4, at::native::BUnaryFunctor<int, int, int, at::native::binary_internal::div_floor_kernel_cuda(at::TensorIteratorBase&)::{lambda()#1}::operator()() const::{lambda()#3}::operator()() const::{lambda(int, int)#1}>, std::array<char*, 2ul> >(int, at::native::BUnaryFunctor<int, int, int, at::native::binary_internal::div_floor_kernel_cuda(at::TensorIteratorBase&)::{lambda()#1}::operator()() const::{lambda()#3}::operator()() const::{lambda(int, int)#1}>, std::array<char*, 2ul>) [clone .kd]",42,0.019406666666666666
fixed,unattributed,Other GPU bookkeeping,"void at::native::vectorized_elementwise_kernel<4, at::native::BUnaryFunctor<int, int, int, at::native::binary_internal::div_floor_kernel_cuda(at::TensorIteratorBase&)::{lambda()#1}::operator()() const::{lambda()#3}::operator()() const::{lambda(int, int)#1}>, std::array<char*, 2ul> >(int, at::native::BUnaryFunctor<int, int, int, at::native::binary_internal::div_floor_kernel_cuda(at::TensorIteratorBase&)::{lambda()#1}::operator()() const::{lambda()#3}::operator()() const::{lambda(int, int)#1}>, std::array<char*, 2ul>) [clone .kd]",42,0.01515966666666666
old,unattributed,Other GPU bookkeeping,"void at::native::vectorized_elementwise_kernel<4, at::native::CUDAFunctorOnSelf_add<int>, std::array<char*, 2ul> >(int, at::native::CUDAFunctorOnSelf_add<int>, std::array<char*, 2ul>) [clone .kd]",48,0.013725333333333332
fixed,unattributed,Other GPU bookkeeping,"void at::native::vectorized_elementwise_kernel<4, at::native::CUDAFunctorOnSelf_add<int>, std::array<char*, 2ul> >(int, at::native::CUDAFunctorOnSelf_add<int>, std::array<char*, 2ul>) [clone .kd]",48,0.0160855
old,unattributed,Other GPU bookkeeping,"void at::native::vectorized_elementwise_kernel<4, at::native::CUDAFunctorOnSelf_add<long>, std::array<char*, 2ul> >(int, at::native::CUDAFunctorOnSelf_add<long>, std::array<char*, 2ul>) [clone .kd]",6,0.0019656666666666668
fixed,unattributed,Other GPU bookkeeping,"void at::native::vectorized_elementwise_kernel<4, at::native::CUDAFunctorOnSelf_add<long>, std::array<char*, 2ul> >(int, at::native::CUDAFunctorOnSelf_add<long>, std::array<char*, 2ul>) [clone .kd]",6,0.001899
old,unattributed,Other GPU bookkeeping,"void at::native::vectorized_elementwise_kernel<4, at::native::CUDAFunctor_add<float>, std::array<char*, 3ul> >(int, at::native::CUDAFunctor_add<float>, std::array<char*, 3ul>) [clone .kd]",6,0.0019390000000000002
fixed,unattributed,Other GPU bookkeeping,"void at::native::vectorized_elementwise_kernel<4, at::native::CUDAFunctor_add<float>, std::array<char*, 3ul> >(int, at::native::CUDAFunctor_add<float>, std::array<char*, 3ul>) [clone .kd]",6,0.0019923333333333334
old,unattributed,Other GPU bookkeeping,"void at::native::vectorized_elementwise_kernel<4, at::native::FillFunctor<float>, std::array<char*, 1ul> >(int, at::native::FillFunctor<float>, std::array<char*, 1ul>) [clone .kd]",12,0.003618
fixed,unattributed,Other GPU bookkeeping,"void at::native::vectorized_elementwise_kernel<4, at::native::FillFunctor<float>, std::array<char*, 1ul> >(int, at::native::FillFunctor<float>, std::array<char*, 1ul>) [clone .kd]",12,0.0031113333333333336
old,unattributed,Other GPU bookkeeping,"void at::native::vectorized_elementwise_kernel<4, at::native::FillFunctor<int>, std::array<char*, 1ul> >(int, at::native::FillFunctor<int>, std::array<char*, 1ul>) [clone .kd]",7,0.0019321666666666667
fixed,unattributed,Other GPU bookkeeping,"void at::native::vectorized_elementwise_kernel<4, at::native::FillFunctor<int>, std::array<char*, 1ul> >(int, at::native::FillFunctor<int>, std::array<char*, 1ul>) [clone .kd]",7,0.0018856666666666666
old,unattributed,Other GPU bookkeeping,"void at::native::vectorized_elementwise_kernel<4, at::native::bfloat16tofloat32_copy_kernel_cuda(at::TensorIteratorBase&)::{lambda(c10::BFloat16)#1}, std::array<char*, 2ul> >(int, at::native::bfloat16tofloat32_copy_kernel_cuda(at::TensorIteratorBase&)::{lambda(c10::BFloat16)#1}, std::array<char*, 2ul>) [clone .kd]",6,0.010885833333333334
fixed,unattributed,Other GPU bookkeeping,"void at::native::vectorized_elementwise_kernel<4, at::native::bfloat16tofloat32_copy_kernel_cuda(at::TensorIteratorBase&)::{lambda(c10::BFloat16)#1}, std::array<char*, 2ul> >(int, at::native::bfloat16tofloat32_copy_kernel_cuda(at::TensorIteratorBase&)::{lambda(c10::BFloat16)#1}, std::array<char*, 2ul>) [clone .kd]",6,0.009939166666666666
old,unattributed,Other GPU bookkeeping,"void at::native::vectorized_gather_kernel<16, long>(char*, char*, long*, int, long, long, long, long, bool) [clone .kd]",6,0.002085666666666667
fixed,unattributed,Other GPU bookkeeping,"void at::native::vectorized_gather_kernel<16, long>(char*, char*, long*, int, long, long, long, long, bool) [clone .kd]",6,0.0022523333333333328
old,unattributed,Other GPU bookkeeping,"void at::native::warpMergeSortKVInPlace<2, -1, 128, 16, float, long, at::native::GTOp<float, true>, unsigned int, 32>(at::cuda::detail::TensorInfo<float, unsigned int>, unsigned int, unsigned int, unsigned int, at::cuda::detail::TensorInfo<long, unsigned int>, unsigned int, at::native::GTOp<float, true>, float) [clone .kd]",6,0.004832333333333334
fixed,unattributed,Other GPU bookkeeping,"void at::native::warpMergeSortKVInPlace<2, -1, 128, 16, float, long, at::native::GTOp<float, true>, unsigned int, 32>(at::cuda::detail::TensorInfo<float, unsigned int>, unsigned int, unsigned int, unsigned int, at::cuda::detail::TensorInfo<long, unsigned int>, unsigned int, at::native::GTOp<float, true>, float) [clone .kd]",6,0.004998999999999999
